brand_id,brand_name
1136,Seiko
1126,PONYKASEI
207,The Plant Base
395,Heineken
201,Abercrombie & Fitch
917,YOOMI
1661,Ba Sạch
1675,Aopeng
374,OLI
747,Lavie
447,AMI
46,CK
431,LEC
652,Deerma
262,FRISO
1265,Corine de Farme
7,Vaseline
59,Leapfrog
1192,Razer
410,OEM
1015,NISHIMURA
1203,Asia
378,BIORAY
340,Nature's Way
155,DSQUARED2
1454,AGU
1573,Jele
1673,LIAN
1089,Supor
941,Karcher
958,NGUYEN
676,Electrolux
912,Whisper
82,Dr.Spock
296,Ally Billy
1324,Kioxia
1223,Kingston
1284,Posi
562,HIGHLANDS COFFEE
1163,Skin1004
1385,ViewSonic
778,SMONEO
1629,M.pros
397,DEVONDALE
1604,Daesan Korean Ginseng
1462,d 'Alba
1103,Sorbus 
312,Lifebuoy
969,CALBEE
1559,Talaethong
715,OLIV
1187,HyperWork 
523,BABYZEN
337,KRACIE
1062,BATMAN
635,THINK NATURE
452,ONLY ORGANIC
1078,Monabee
86,KHORUOU
1282,Blue Diamond
992,HONOR
83,HAIRBURST
1647,Tipo
762,MUZIGAE MANSION
41,Similac
417,ACER
867,HUGGIES
1291,Airwick
608,Deasung
467,SERIA
1643,Method
603,Lashe SuperFood
1333,Hikid
109,Klairs
1404,Avorio
1037,The Cafuné
1286,Onenuts
1665,Bình Liêu
105,UDON
1470,Daichipro
589,RITZ
191,Pediasure
17,LOCK&LOCK
679,PRONOTI
1690,Paveden
1339,AULA
849,Gucci
233,Oral-B
1050,myALO
1637,Mihoo
434,Glico
269,Bike
1546,Turtle Beach
585,Hwang Je
1496,ABONNE
1666,Võ Nhai
749,KIESLECT
114,TOSHIBA
341,ACECOOK
667,SHARP
1046,HAVIT
1493,DORBUA  LOTUS
775,Valentino
1079,Mota Montessori
526,Singha
879,LEGO HARRY POTTER
713,Moony
662,GERY
338,Lemonade
641,POWER100
50,SUMMER INFANT
430,RIO HOUSE
971,Rapido
479,Giorgio Armani
1308,Greenpan
784,Pampers
598,NIVEA
993,INOI
908,ROYALCARE
817,P/S
408,FATZBABY
130,BBLUV
1670,iBiero
219,nesvita
1017,DOUNAN
1281,My Skin 31 độ C
1664,Osaka
510,Maxkleen
581,DHC
1357,Comfee
129,Fixderma
1074,KEIKO
1066,Thierry Mugler
594,Khác
1269,PACSAFE
491,MSI
443,Kun
897,Lu
1198,Vinamop
1006,SHIRAKO
508,COLOMI
738,Burberry
698,Thomas Friend
1480,WANBAO
45,Meiji
952,Cosrx
1239,Majorette
175,ANTA
820,LACTO-FIT
511,WONMOM
840,SANTE 365
537,SIKU
101,HỔ VẰN
401,Comotomo
1197,Vinawind - Ðiện cơ
325,Ladomax
1086,Sakos 
1616,Dr.Althea
1574,NP
1153,Hubba Bubba
1080,STARGO
895,Chung Jung One
1141,SUR.MEDIC
1199,Coex
642,SASSY
413,MASTELA
1110,PELICAN
548,GOODRY
1598,KOCOSTAR
31,MM TEPPY
1441,Dr.I
847,GRABFOOD
509,Mitsubishi Electric
138,KUTIESKIN
268,RCR Crystal
1323,Sơn Hà
1655,Ritter Sport
1158,Espoir
1004,NISHIBE
1027,KLEENEX
808,APTAMIL
1304,Greenfinger BebeGrow
744,CREAMHAUS
708,WAKODO
893,BIODERMA
1099,Sora 
1551,Sunhee
1014,KIRIN
1288,Wonmom 
107,MICHO
727,BOOX
1606,Maple&Co
686,Enfa
541,KOKOMI
906,Anlene
445,Mamelle
633,DALATMILK
534,Touchbeauty
1119,Hamilton Beach
957,HARIBO
225,Tupperware
442,Dolce & Gabbana
816,Energizer
1393,Nordic Naturals
1619,BENTO
91,Tulip
798,DAREU
1343,Kosmen
1621,Flawsome
810,ORION
375,Arcor
1478,Haibianfeng
942,Nhịp Sống
793,DONI DINO
994,POCO
1091,Kalite
918,AXE
199,Gosu
264,MIWON
1535,Vedette
1378,Riversong
1040,Closeup
530,Neptune
1042,Lux
1586,Renso
1327,Phúc Long
1370,GrowPLUS+
315,Eastern Star
176,Brya FC
743,Tommy Hilfiger
63,Lanvin
1608,NARA
722,Jean Paul Gaultier
51,Arau Baby
282,PURITE
277,OKAMOTO
1135,Parker
1584,Imperial
1346,Masuto
1450,Gigabyte
683,Dh Foods
1663,Nerman - All in 1 for men
437,Coocaa
1418,Sohaco
52,RCR
294,Bonbone
62,THE ORDINARY
823,Knorr
1140,Festina
1669,Espana
1416,DPROGRAM
884,DURALEX
1147,Thums Up
181,HORMEL SPAM
1290,Colab
968,Echo
166,Sweet Heart
1351,BETADENT
342,BEAR
286,Sprite
903,Moon's care
788,Welson Beauty
501,POM POM
838,Lee Kum Kee
705,REDMI
1274,VNSKY
426,HOLIKA
1278,Enchen
388,MOTHER-K
1682,HUASEN
1348,CODE GLOKOLOR
1193,Surf
1449,Porêves
250,O'star
834,Dunhill
475,Halio
1036,Varna
525,Sài Gòn
1219,Mitsunal
40,Anchor
644,Pigeon
539,GRACO
1433,Gookin
791,Bvlgari
133,OREO
1402,SMARTBIBI
1451,Olympian Labs
1439,Poongsan
1694,VNPAY
824,Vitadairy
570,DEWYTREE
760,Samurai
1003,SEIWAPRO
1262,WENGER
1550,Teka
1251,Napoleon
981,Mom's Choice
582,SEVENTH GENERATION
1299,SteelSeries
615,AKACHAN
289,Polesie Toys
1537,Seajong
202,Juicy Couture
671,FUJINA
529,DG
1654,Lindt
1610,ACNES LAB
1255,Murad
619,Caudalie
1474,Modong
65,Rc Girl
339,Miss Saigon
1296,Levoit
771,Versace
719,Beddy Bear
1172,Etsuko
1246,Bohemia
307,Olivoilà
302,Emmié by Happyskin
400,Biên Hòa
415,Fino
756,NOKIA
600,Givenchy
924,TECNO
970,UYEKI
779,TRESemmé
1152,PLAY CANDY
997,Fahasa
33,Docilee
1184,PONNIE
1235,Waffle
631,Cana
317,AISHITOTO
54,BLEDINA
811,AGVA
962,TECNIX
1090,Elica
327,Ralph Lauren
1009,MYOJO
1028,Lion
1638,Tân Loan Food
204,LUCIO GAROFALO
848,D-Shining
1264,Rossi
19,SDI
245,Nowfoods
650,Safeguard
1048,Huawei
1148,FISHERMAN'S FRIEND
716,WITOR'S
1696,Human Motion
303,STONELINE
1332,Lumias
256,TOYO
381,SPIDERMAN
900,Well&good
1672,Xingzhi
629,Ecovacs
1259,TAKICHI
567,KANGAROO
1543,Yến Cung Đình
98,GreenBee's
483,Acnes
926,JBL
978,Shimono
694,EUCERIN
1626,Hoa Việt
357,GIO
627,Dove
1230,Epson
883,SUNHOUSE
1566,Hyper Work
1058,LEGO TECHNIC
1054,DermoXEN
693,ANKER
1482,JECROLL
896,MOPHIE
299,MCM
1039,CLEAR MEN
1228,Gree
316,Chatramue
224,Fruto Nyanya
889,LEGO DISNEY PRINCESS
666,Champion Games
553,Maxim
1440,Bio
1689,Andy' Deli
34,MEIZAN
1170,Alpha Works
206,PROCARE
1177,Imou
659,WAKAMONO
68,JUST OATS
1331,GOONGBE
1460,Ecoclean
1347,Sâm tươi Lê thị
1428,Vipep
1468,Magic Eco
37,Divoom
559,Laneige
1436,TAKAGI
223,TH TRUE
518,Smartmi
856,POND'S
609,Kaori
367,Camay
193,BIA SÀI GÒN
796,ZOIDS 2
960,Điện Quang
544,Harman Kardon
607,MILI
701,LOGITECH
1334,Ildong
754,Avengers
208,LEGO FRIENDS
1183,AKKO
1173,Manna Morinaga
87,Panier Des Sens
905,Nissin
1318,PlayShifu
111,NAPPI
748,JOOVY
1583,Andy’ Deli
477,SPECIAL KID
1430,Satos
1561,Orico
1026,GUfoods
53,MONOPOLY
372,Ceuticoz
684,AVEENO
1400,MECHICARE
453,AFLOFARM
1056,Leon Dio
1497,Karofi
680,AROY-D
1052,Gòn Bedding
139,SINBII
654,The Aursgins
466,Hartbeat
1145,POCKET
493,Choco-Pie
446,KORENO
1381,PUREDERM
347,HOLIKEY
723,ESPRIT
1161,DR.G
1208,Rạng Đông
949,Dr Brown's
1117,Cetaphil
901,SUNPLAY
1557,Tipco
285,ERIC FAVRE
1030,KUMANO YUSHI
576,Prada
599,Minus 417
1380,Finish
1114,Hirsch
333,Vinamit
1109,MOIST DIANE
802,DGCs
947,Poca
1007,SUGAKIYA
472,MONSTER
94,Lay's
260,Cosy
1684,Clickbuy
363,Vinasoy
1658,La suissa
837,YOMIT
243,ARUN
583,Joie
1209,Senko
1260,BEAUTY FORMULAS
602,Thiên Long
1403,KAN
436,Close Up
1556,Khomfai
389,Fuzetea
1458,TINECO
750,Rejoice
228,Viktor & Rolf
875,NEUTROGENA
546,Hugo Boss
1215,SingPC
64,Nuxe
1599,ZTE
150,INFANTINO
613,Clever Hippo Toy
1461,Medicube
799,Fanta
1651,Eikodo
787,Richy
1361,Jeeback
1320,Best
1151,COOL AIR
556,Bionest
1076,Tippys
1043,Sunsilk
1257,BELIF
392,NaiB
403,Narciso Rodriguez
1674,Trust
197,Mercedes-Benz
1659,Bách Phúc
1273,KALPEN
365,Ben & Tod
1303,BeBecook
721,Donna Karan
387,Yeelight
451,BIOGAIA
257,VinFast
1553,ZURU TOYS
1466,Huyndai
1182,RAPOO
1558,Khaokho
963,Vidivi
1310,Lasante  
1032,ROLAND
183,Hafele
1352,Sâm tươi
707,BINO
221,TSUBAKI
487,BITI'S
157,Little Tikes
481,Bobby
1697,AOC
20,NUK
5,Polaroid
853,Garnier
120,Cozy
460,Hatomugi
1413,Acqua Alle Rose
1190,ROMAO
1309,TEMPO
126,YOMOST
1164,Tiger
767,Initio
1521,Edox
503,FOOD MILLING
1142,Sabeco
110,Aigner Parfums
492,DR.PAPIE
1218,Acnos
188,Chicco
1382,AI XIAO JIN
986,Geske
1092,Nutribullet
1426,U ULTTY
533,CLEVERHIPPO
1564,Cooler Master
827,INTEX
211,MIX
123,Zojirushi
498,RASTAR
765,Green Cook
1518,Citizen
1582,Careox
1000,DELAWARE
448,Iris Ohayama
967,TOYO SUISAN
38,Ginger
1326,Tràng An
588,BRITA
1575,Dr.Ceuracle
485,ASVEL
1645,Yến sào Khánh Hòa
1571,BCOM
1204,Chef's
854,Life-do
1234,Dorayyaki
454,Parroti
178,Dnee
987,LA FONTE
829,MOAZBEBE
670,Little Innoscents
1533,Thu Hương
1314,Smart Choice
373,VNSHOP
850,Igarashi
1307,Sum37
258,ANESSA
637,Itel
102,AQUAFINA
1116,Đệ Nhất 
113,KEMY KIDS
734,Montblanc
1581,Fujihome
1540,Dreamm
1024,SHIKOKU
1522,Hermle
371,OTHERS
795,Modern
933,JOHNSON & JOHNSON
1111,OHE
1330,Joyoung
332,HAESWIM
236,VG HEALTHCARE
1301,Withmom
217,NATIFAN
1692,Bio Pharm
1444,Kim's Red Ginseng
545,YVES ROCHER
891,LEAGUE OF LEGENDS
170,Dyson
1300,Rollio
1243,NOLMAE
566,TAYLORMADE
1369,Realme
1565,UNIQ
1266,SAMSONITE
1191,masilraon
411,AJINOMOTO
1375,BioAmicus
473,Yến Việt
944,INNERB
1252,Arte Ca.Sa.
369,Carolina Herrera
818,Isla Vista
699,CS
326,WelKids
1195,REIHAKU HATOMUGHI
1590,Arbio
1671,Kerong
1240,Keeppley
1446,Jisulife
1589,Jung Kwan Jang
112,Chương Dương
1008,MARUHA
542,PIP BABY
1502,Celimax
182,My Little Pony
1484,Quasho
195,MEIWA
785,Meadow Fresh
695,ELLEAIR
1181,MICROLAB
1242,Korea King
100,LAY'S STAX MALAY
423,PUKU
330,Nutra Omega3
22,YOYO 22
852,CHLOE
1011,DAISHO
1202,Mitsubishi
1407,Therabody
830,Smart Kids
826,MARUMIYA
761,TUCANO
118,TANAKA
36,NOUS
1337,Kamiliant
393,NEWCHOICE
158,LESTELLO
1527,ENCHEN
547,Kankoo
1473,HARNN
1120,Nina Ricci
465,BOARDGAME
899,Biohealth
18,KGC Cheong Kwan Jang
1395,Ddrops
297,HADA LABO
1200,Maxsun
441,Vinacafé
605,Lozen Pharma
1313,GreenPan
916,3M
449,3CE
1236,Beiqiaoyou
812,Tiger Beer
1214,BEANSTALK 
323,Yến Việt Tinh Hoa
60,Sunmate
692,Flormar
1390,BDK Parfums
1166,Trúc Bạch
421,ABU ABI
240,BASILIC
1101,3 Miền
1679,Mihwa
471,HP
147,Kendy
1624,CELLUMARU
630,Taisun
792,Dr.Green
757,1980 Books
190,Coca-Cola
1633,Cherman
1336,Spectra
1498,Bio Corner
1662,KitKat
565,TINITOY
174,Slide
165,LEGO
1668,Minh Nội
999,MORIITALIA
1371,Viet Essence
1088,MOTA 
1285,Kocori
311,Hoegaarden
532,STARBUCKS
1022,KYOWA
861,OMO
1477,PERO
1687,Vietmap
640,HealthPlus
284,Kotex
984,Biofun
390,Macks
266,Mr Muscle
92,RONCATO
1186,OMACHI
564,PHƯỚC THÀNH
1137,Orient
1057,LEGO CREATOR
724,Maggi
881,MERMAZE MERMAIDZ
597,Cal Cheese
252,Hảo Hảo
39,Zycom
1244,Remax
923,LISTERINE
1379,Got2b
404,Smartcook
1492,Cicook
1611,MELANO CC
1106,JULIUS 
177,Combi
872,PHILIPS
348,Cuisinart
1207,Kipor
1677,Tafuco
1539,Nice Home
1625,Govi
1174,TPLINK
1447,ID-Cooling
601,Pantene
1387,Itoh
1501,4HOME
1367,BDK Parfum
1542,ELECOM
1555,Chaosua
1095,TrueHome
1421,AIBEDO
1642,Air Wick
349,TRUNG NGUYÊN
769,Doppelherz
1595,EDIT.B
361,Paw Patrol
892,LG
314,Reetech
1035,Placentor Vegetal
519,QUAKER
320,APPLE
980,TOM FORD
72,Happyskin
828,Calvin Klein
752,Safaly
1512,Daniel Klein
142,VINATEA
1194,Fami
290,Coffee Joy
697,SEEDCOMS
272,TOYHOUSE
569,Thayers
14,Kenzo
1683,Tsannkuen
706,7Up
1150,Wolfoo 
551,Guess
610,Starbalm
866,LA ROCHE-POSAY
1541,WisdomUp
490,MOBY
97,Twister
1122,Unicare
1562,Seagate
628,St.Ives
1464,Tân Cương
440,Strongbow
32,Hawonkoo
555,Loreal Paris
156,POPBERRY
247,LEGO DOTS
194,BNBG
455,Morinaga
350,URIAGE
419,Sunlight
596,AVENE
1104,Garden Farm
12,Miniforce
1,MONINI
237,HeraDG
23,Omega
1530,HASUTA
745,Las Palms
780,Vua Gạo
758,ECOSTORE
859,Dreame
1013,HAPPY FOODS
909,TROPIC FARM
484,Popote
755,Simple
1398,AKAMAMA
248,Downy
1609,DÊ LA BEAUTÉ
121,BEYBLADE 6
30,YOKO
1012,TOKYO RAMEN
464,FARLIN
1618,An An
731,CeraVe
739,TIROSS
961,Kingmaster
1297,Descente
1016,KIMURA
346,Moschino
643,WONJIN
524,Gillette
514,Elmich
806,SELSUN
1465,Helen Recipe
1529,NASU
231,SWIMWAYS
1143,Duy Tân
212,Dreamer
813,BIOMEQ
1560,Pinesoo
463,LEDOUBLE
573,UMIKARA
162,BABYMUFFIN
1549,CLEER
790,CORONA
149,SOFY
343,Enchanteur
99,FAROSON
1060,PUZZLES
1417,Lafooco
577,GAYO
1455,Boss
10,SECRET
81,Fine Japan
1229,Fenda
1448,Adata
1635,TOP
1514,Rado
76,Diana
764,ALBA
1472,AAR
1681,Eko
1630,Lavox Online Shopping
874,O'Herbal
1525,Beyond
235,EVERNEST
972,NEPIA
205,BABY ALIVE
657,DAESANG
578,Horus
868,BEBEDANG
1349,LAFOOCO
329,Lol Surprise
148,NutiFood
1515,Sunflame
1029,WAISE
858,Le'Orga
169,L'Oreal Paris
1002,GROWPLUS
1507,Realbarrier
932,BOBINI
478,ZOOBLES
379,Cerelac
459,Twinkle
1340,Beko
711,JM GROUP
512,SAGAMI
1206,Genius
506,LIGO
1424,ANCARAT SILVER
1691,One Global Korea
1363,AEROCO COFFEE
982,Lusol
1254,DMR
703,BOM
836,AIRHOG
974,SEIWA PRO
1463,KINGSMITH
797,MotherNature
1438,Peak Hill
456,Ogx
11,TOYROYAL
1245,OTTAVIANI
737,VIOMI
1415,LEQUB
786,KINKIN
496,Vim
1287,Sum:37
1051,TIAM
115,PURELAC
1649,Loacker
89,HERA
1577,LIPICE
1423,BIBIBOT
152,MUNCHKIN
216,Comfort
1660,Silkwell
876,GOON
677,Bakalland
1338,NIKE SWIM
751,Steam
626,ROHTO
934,RICARDO
557,PURSE PET
946,ASUS
1123,OSLO
432,Ecobi
151,HEYS
928,MEDELA
725,Colgate
1256,Dermalogica
632,AZETABIO
930,Peek a Boo
645,VĨNH HẢO
587,D-nee
672,DAESUNG
253,Beecube
482,Mieszko
1511,Longines
921,DUCK
1185,VINACAFE
141,HAENIM
173,FOOTJOY
58,Pororo
1295,VietK
959,NGUYEN
1146,Attack
1536,Voriger
203,COTONEVE
1644,Godrej
1592,Babyro
894,Oreful
383,HANMI
936,Gerber
140,Creed
1601,Hòa Phát
558,LEGO DUPLO
1094,Unie
1641,Su Star
75,3LC
1383,JIANHE
1227,Ugreen
835,BODIS
1292,Tangle Teezer
116,Nagakawa
862,50 MEGUMI
1189,KF94
1020,OYA
1580,C'NewLab
709,Maisto
985,SHIMAYA
3,Panasonic
1528,NEW WIDETECH
1425,PEAK
1500,Yankee Candle
1693,Daedong Korea Ginseng
127,Cif
913,Tobot
1034,EDIFIER
377,DYNAMITE
624,RED GINSENG
1155,AKIKO
1075,Procemsa
1544,Saramonic
1437,Nikio
561,UAG
964,Charterhouse
229,NAÏVE
433,SENKA
1353,E-Pro
328,BEDDYBEAR
1041,HAZELINE
1047,SoundPeats
1325,Masstel
1399,FYSOLINE
1294,Wacom
1159,Tobe
1231,Sanaky
1384,SUDEE
833,Dintel
305,Jimmy Choo
1374,Intel
647,Parour
300,Babycoccole
271,Điểm 10
1258,EPISIVA
674,HITACHI
1401,FITOBIMBI
125,Anna Sui
979,TCL
1517,Hegner
860,TH true MILK
880,Michael Kors
919,SpringLeaf
1328,9FIT
1603,Welldon
187,TERRA
44,Konig Kids
664,Evoluderm
354,ARAU
275,FUNNYLON
1226,Dalton
1459,Yoniev
937,BÉABA
943,Cocmau
586,DUTCH LADY
907,Missoni
732,Revive
84,MONDAY
74,Siukay
1636,Kokimi
309,SKYWAY
42,Cocoon
106,Royal Baby
117,PROVIBIOL
476,San Miguel
1133,NIHON GOUSEI
1211,Whoo
1021,MEDIKYU
376,Angel's Liquid
1168,Maison
550,Cầu Tre
1394,Bio Island
593,NESCAFÉ
815,Battat
1698,WD
1376,Newmen
28,Budweiser
622,Hipp
1519,Zenith
304,X-men
267,Paco Rabanne
1490,Round Lab
321,ARDO
1485,Sifer
9,DETTOL
1475,TER
131,Ecowipes
882,Vichy
1389,Nishane
682,Neogen Dermalogy
1312,Joseph Joseph
356,Phú Hương
1157,DONGHWA CNF
429,AROMATICA
730,CLEAR
1083,ROCKET
255,Steiger
494,TEA+
1072,Lixibox
639,WINFUN
733,PEPSI
841,Lactaut
360,Peppa Pig
973,KAO
1276,Carez
144,Hộp Háo Hức
1397,TRANSINO
295,Mutosi
1434,Winix
458,GOKAYAMA
1302,Lineabon
1615,Bảo Ngọc
488,Babymoov
1067,SOLGAR
1391,Atkinsons Parfum
95,Coway
1321,Tibelic
712,Evian
768,Garmin
1467,KOS
1023,Kaneyo
1112,Tissot
246,COSTAR
1180,Phong Vũ
704,Neos
280,CHUCHUBABY
318,Danisa
1221,Innisfree
636,BELLINI
6,Bento
538,TITLEIST
1656,Sperlari
742,Cái Lân
159,MAGIC BLANKET BABIES
278,Coolkids
135,KATA
1504,Torriden
804,Galanz
1201,ROLER
209,Richell
1315,Princess
990,AQUARIUS
1113,Driklux
507,BRAUN
163,HASBRO GAMING
281,Trussardi
1476,Nathome
1420,Gifrer
1059,ROBOCAR POLI
531,SKG
47,Transformers
710,Mishio
1552,JADA TOYS
1069,Revox B77
385,KONIGKIDS
502,Etiaxil
1453,C'New Lab
214,FERROLI
1627,Kinderkraft
1639,Quà tặng Đỗ Gia
772,Adidas
888,OPPO
809,Burine
1526,Tineco
736,Beyblade
1358,Kamidi
646,Raid
673,Pharmekal
1073,Yashinomi
653,NAT C
522,SANOSAN
1220,Revol
996,Delonghi
1579,HADALABO
902,Daikin
885,CANPOL BABIES
1570,Maxell
620,Nature's Bounty
616,Durex
1213,O HUI
344,Lacoste
1587,Colorkey
57,Inomata
1365,AC
991,TGNH
1563,DeepCool
49,ANGEL
1614,Mê Trang
513,WELSON
1362,Tea365
690,Molfix
965,Homeselect
196,IRVINS
870,BLOSSOMY
1676,Neoflam
1576,WMF
651,WELL BEING
137,SOZAI FARM
1597,MANIA HOLIC
1018,HIGASHIMARU
1373,YVS
1279,Geraki
134,HALLS
871,FARMASI
528,TOKYOLIFE
186,Glade
1167,Belkin
4,Lipton
1392,The Merchant of Venice
1422,ATONO2
1531,Fagor
661,MODO
863,AQUA
146,MEDIHEAL
1646,Rồng Vàng Hoàng gia
648,Saforelle
128,Lifestrons
1412,Chilly
391,YẾN SÀO CUNG ĐÌNH
1250,Asolo
198,Bosch
259,WINNIE CARE
1483,JUEMI
1686,G.G.G
1516,Alpina
759,T&T Kid's Toy's
1499,14S
1523,S.T Dupont
1494,LOTUS  FRIEND
998,KOKUSAI
1121,Popin Ko
1578,REFRE
915,CARLMANN
803,NESTEA
1650,Majestic
21,Carabao
1115,Freelook
1593,Reebaby
1149,Ruay Puan
334,BRUDER
842,Coach
1064,Sài Gòn Food
1045,INNOSTYLE
782,Birkholz
1049,Zafami
220,BlueStone
1176,Baseus
468,GIEL
910,Lancôme
71,THIÊN PHÚC
1233,Banano
108,Colosbaby
1605,Kendamil
1344,MAKE UP FOR EVER
418,Vedan
1419,Antona
1249,Debora
164,Format
35,PUMA
132,Okame
696,Rototo bebe
832,Bulgogi
1097,Happy Cook
1520,Baume & Mercier
1345,CLARINS
1432,Teenilicious
763,Oishi
857,Good Mood
1156,Mycospring
1435,TokTok
536,Jumbo
167,B'fast
1667,Bếp Hoa
407,Mamamy
398,Edelweiss
1261,VICTORINOX
660,Cypress
450,Redbull
8,Nutren Junior
1063,TRUNKI
948,Sun-Hee
770,VConnex
336,VNS
1065,Montale
869,OUDIS
172,SAMSUNG
122,BABYBUM
776,ARIEL
1545,Shure
77,DASANI
439,Vispo
753,Marc Jacobs
1479,GUANLING
251,Azzaro
420,BANILA CO
283,NUCOS
249,Davidoff
1481,EURSON
368,UINLUI
574,TOTTEE
238,Eudora
24,P&G
572,FreeStyle Libre
384,JACK N' JILL
1456,Ecocare
527,Dollsworld
821,SOLO
658,SVOBODA
1272,ON
322,CP
1061,SPIN GAMES
989,CRECIA
584,ColosBaby Gold
396,OLD SPICE
386,Issey Miyake
886,333
26,Deebot
1298,OHUI
1699,Enfamil
273,PISEN
331,FAMAPRO
1237,Wakeup
153,XIAOMI
1640,CAC
1098,Eonwon
279,Love Beauty and Planet
380,YUGA
1205,Fuhlen
1409,Skullcandy
364,Zoids
462,GOCHUJANG
805,B.Brand
1360,BlackStone
1316,Diesel
1443,DVrinb
13,Wattle Health
1469,Bioion
179,Gốm Sứ G&T
409,MIRINDA
495,Levi's
735,BLACKMORES
956,NNO
914,FLEXOFFICE
955,Bio Essence
1171,Đinh Tị Books
335,Incase
681,Yves Saint Laurent
878,SAGACII
691,PIBAKIZ
85,Elle
618,Johnson's
154,Betta
1196,KUMANO
1238,Dickie Toys
983,Ki&Young
239,S'baby
1486,Mibro
215,INOCHI
313,3W Clinic
1033,CREATE
1534,DORKBUA LOTUS
516,Oxy
552,KINDLE
1224,Wopow
773,DABO
1488,Some By Mi
288,MATTEL
1127,Airbike Sports
794,K-MOM
1548,EDIZARD
80,Caryn
232,DR MAMA
945,Franck Muller
1510,Perrelet
1567,Teenilicius
1271,NORTH BAYOU
291,Anmum
29,MARVIS
1569,Wonang
414,A2
486,MILO
1131,Vigonuts
1093,Russell Hobbs
422,IKAMI
966,SANYO FOOD
951,Eco Bamboo
1491,JELE
939,Nike
227,Philips Avent
70,Beauty Buffet
119,Jurassic World Mattel
720,Semper
461,Vinamilk
242,Schweppes
124,JONGGA
1452,Careline
56,Thiên Kim A
1178,Sante
604,Parfums de Marly
1538,SNP
438,UNIDRY
1038,OSCAL
1628,Lavox
406,AFC
814,UNCLE BILLS
180,GIRLZ ONLY
353,Tường An
1289,Sen Clock
1100,MotoM
1188, E-DRA
359,SMILE HOME
554,LITTLE DRAGON
1010,YBC
746,VECTO
27,KOKUBO
1408,Satechi
1406,LARQ
1505,Madame Hương
1368,LUVUM
287,Obagi
1613,Deou
1169,Wonlex
1612,Phiếu mua hàng VnShop
1411,Sachi
1700,TeamGroup
638,BERZ
276,Ori
61,Ecoiffier
783,Nutriboost
1688,A Bonne
489,Glucerna
1322,Sowun
1431,Seaways
1588,Sâm Hàn Quốc
685,Martiderm
1405,Candid
1506,Comet
1319,Artec
1532,Jung Kian
470,ROMANO
1359,ACE
416,Doritos
1335,Nauture Gift
1620,TALETHONG
1695,Lipstician
1165,JAPIFOODS
1125,Gumi
1617,MENOW
145,TESORI D'ORIENTE
69,HAKU BAKU
843,Salvatore Ferragamo
16,SAIKAI PHARMACY
1108,Ciwete 
718,Benew
801,Barbie
1596,MARU
663,HONECO
777,COMFYBABY
678,Pompui
592,Sữa non tươi
1139,Candino
656,ELIS
161,Dell
521,Kachi
590,The Herbal Skin
844,APRICA
1085,FUMAKILA
298,Scooter
1372,YV
499,VOVO
189,POCARI SWEAT
520,MATSUYA
274,Chao Sua
728,Thai Nippon Rubber
1128,EZVIZ
920,Tivoli
614,Sony
67,KOREANINSAM
1077,YUKI
864,ARISTON
352,G7
78,Bia Việt
988,OKAZAKI
425,KUDOS
1442,King Premium
1657,Steenland
1001,KUCHENZIMMER
688,LANSINOH
649,Weilaiya
324,MAEIL
1678,Jiabao
79,Xuân An
540,Lactacyd
306,Oh Oh
675,Kinetic Sand
1179,Canon
103,Ha Noi
1305,Tai Thong
1107,La Gourmet 
1607,Human
1105,HABECO 
469,CUCKOO
1568,Nhiều Thương Hiệu
1241,ABC
1377,HyperX
1081,TMR
43,ORIHIRO
935,PlayDoh
1263,Tân Á Đại Thành
370,LEBELANG
1572,JRO
1342,Baby Love
595,Vrohto
1508,Orient Star
1685,Facolos
1232,82X
1356,ZWILLING
927,LA POMME
218,Simply
1355,STAUB
55,9 WISHES
665,Black Rouge
825,Unicharm
845,Nikken
1082,Fyto+
1648,Hữu Nghị
714,Cell Fusion C
1019,OSK
1005,OMORIYA
444,STING
877,DEL MONTE
1277,SOUNDMAX
184,TRENDS
606,GENKIFAMI
977,Panworld
568,Zelmer
1132,Fuji Master
200,ADIVA
399,ROI THAI
1366,AMERICAN EXPLORER
222,POCKY
2,CHIN-SU
1524,Amortals
623,MICROLIFE
1044,Ecolife
851,LOL BABY
1386,Acerpure
1070,ITSUKI
766,Warrior
171,Provi
1084,EARTH
911,Nabati
922,OG Care
1280,Herb Solution
575,GERVENNE
25,LEGO CLASSIC
1270,HIGH SIERRA
855,Veet
1253,TOPGIA
1025,Loewe
890,BMP
925,Number One
88,Ma:nyo
611,Ensure
1247,Same Decorazione
226,ANGE
474,Merries
394,Goldsun
15,E'mos
1248,Caroline
1354,BALLARINI
1652,Ferrero
1364,Hanami
1471,Hatachi
1306,NOOZ Home Goods
1653,Merci
621,C2
1144,SANADA SEIKO 
1585,Lanbena
560,SGFOOD
366,SKYWORTH
873,Danapha
655,SEEBABY
308,HEINZ
846,ZAGG
668,KOPIKO
800,Marshall
1414,Iris Ohayama
90,Lotus
543,Melitta
1175,SANDISK
1623,CLB
634,GoPro
1632,Bosser
1457,Ecodeals
160,Karl Lagerfeld
887,PAPA
263,FISHER PRICE MATTEL
310,MIZUNO
402,Kin Kin
689,TISHA
1495,DAIYA FANCY
505,PHYSIODOSE
261,OLAY
185,CARRIE JUNIOR
405,TIMELESS
904,HAPPY EVENT
774,Midea
1513,Ernest Borel
687,Nestlé
1031,MATSUMOTO
1283,Magic Korea
807,Anker Eufy
1087,JUNGER
729,MOAZ BÉBÉ
293,Wake-Up
351,Scoot and Ride
210,TCOS
1489,Isntree
241,Galen
1102,BONCHA
382,Kinohimitsu
819,Aji-ngon
1160,Beplain
457,United Sport
1225,Brother
1268,DELSEY
213,TEFAL
1212,Su:m37
831,Strider
591,Vando
292,FISHER PRICE
515,MAYBELLINE
938,Rainbow High
1134,Certina
244,ZARACOS
48,Bean stalk
1487,AISOLOVE
1055,Rồng đỏ
976,Nikko Kendo
270,Lenovo
1130,Iris Ohyama
265,Nam Dương
1210,ARMAF
1445,Mercusys
73,Mỹ Hảo
480,ColosBaby Bio Gold
319,Special Mum
1222,CNP
362,Remos
950,Rainbow L'affair
412,LOVI
428,Paula’s Choice
740,GROW
579,Ginseng
1396,Ora2  
1162,We'natur
1634,KAMITO
1509,Roamer
1622,MARU365
953,AUSTRALIA'S OWN
1154,TAOKAENOI
1071,Dong Hwa
1631,Wazzi
789,DENON
549,KINH ĐÔ
1427,CLAGE
865,FujiE
1388,Naris
1293,NOOZ
1600,Funiki
500,SVR
517,Hồng Hạnh
230,LẠC VIỆT
1341,Prospecs
1267,AMERICAN TOURISTER
1124,ECORAMIC
1138,Frederique Constant
535,Kiddy
563,LITAHA
580,Nature Republic
931,Lego City
940,Omachi
625,Abbott
954,Head & Shoulders
435,NISSEN
612,Sahmyook
96,Casper
497,POPIN COOKIN
1503,Reakbarrier
1275,FOODAHOLIC
726,Polly Pocket
702,ISPOON
192,BIO-OIL
839,VEGEMIL
1216,IMOU
104,Hot Wheels
143,Nan
1547,HOHEM
358,Asahi
1317,Lolita Lempicka
617,TOYS HOUSE
1329,AROMTICA
898,EUCRYL
1053,CASIO
1410,Matador
1350,Hongyuli
741,Unifresh
301,SILKYGIRL
427,Silcot
1217,WK
504,Tide
1554,Sexylook
1096,Nitrigan
1594,SKINFOOD
781,Jeju
975,UFC
822,Na Na Na
1602,Jovikids
995,AMBI PUR
571,Century
929,Maybeline
669,TRUNG NGUYÊN Legend
355,Cung Đình
345,Bounce
1118,ITMF
168,MOM'S COOK
424,Anta Kids
1068,CREST
234,SUNMUM
136,Momo Rabbit
1591,Talethong
700,UKBOO
254,Hoàn hảo
93,Solite
1429,KOCHI
1680,Lilac
66,NAFORYE
1311,Nonglamfood
1129,Makxim 
717,Ecco
