product_id,brand_id,cat1_id,cat2_id,category_id,product_sku,product_amount,product_discount
5358,454,5,43,195,2405P6355,278000,39963
5068,461,4,31,161,2405P6065,1194000,84183
16748,1275,3,24,149,2411P000137,220000,44000
4568,470,3,21,129,2405P5565,364000,106327
2092,76,3,21,132,2405P3089,254000,33957
491,116,7,64,264,2405P1488,1029000,271800
1720,233,3,21,133,2405P2717,138000,15999
21311,1128,6,53,231,2504P000253,978000,76640
2536,686,1,12,95,2405P3533,1258000,172800
24371,1504,3,29,341,2509P000629,,0
5386,42,3,24,148,2405P6383,771000,208230
10781,1042,3,21,129,2406P002039,423000,44823
14350,252,4,33,170,2408P000205,880000,57800
15395,514,5,41,184,2409V000190,885000,296475
14406,407,1,11,90,2408P000220,605000,214000
13627,861,5,38,181,2407P000233,544000,71700
6363,221,3,25,151,2405P7360,645000,52150
6122,45,1,12,95,2405P7119,2545000,163200
1402,650,3,21,129,2405P2399,354000,116400
4883,510,5,38,181,2405P5880,999000,499500
14904,867,1,11,93,2409P000138,1624000,97525
664,713,1,11,93,2405P1661,1545000,269000
21097,1368,3,24,149,2504P000100,834000,97701
5724,459,4,34,174,2405P6721,165000,9900
6318,258,3,24,148,2405P7315,369000,141737
21308,1177,6,53,231,2504P000250,4095000,152000
10789,643,3,24,149,2406P002047,630000,144000
14875,1161,3,29,341,2409P000113,,0
14758,2,4,35,178,2409P000007,650000,62000
19920,338,3,26,156,2502V003214,265320,38280
986,901,3,24,148,2405P1983,323000,54040
14641,1172,1,19,127,2408P000440,,0
6375,611,4,31,162,2405P7372,10140000,500000
1226,265,4,35,179,2405P2223,280000,100000
18492,872,7,64,264,2412P000588,723000,125935
19922,338,3,26,156,2502V003215,239000,53876
5909,549,4,36,180,2405P6906,690000,74000
6889,213,5,41,184,2405V1605,586000,79227
16423,1253,5,38,218,2410P000960,595000,210000
5049,461,4,31,161,2405P6046,1350000,84000
12177,481,1,11,93,2406P003435,1116000,122454
9835,343,3,21,129,2406P001093,298000,25666
12163,817,3,21,133,2406P003421,147001,47999
14556,353,4,35,177,2408P000357,259000,38465
8931,867,1,11,93,2406P000189,690000,176400
18368,340,1,12,99,2412P000464,778000,154600
15447,1210,3,23,141,2410P000023,477000,47800
21243,1371,4,37,339,2504P000214,264000,52800
837,116,5,41,184,2405P1834,318000,58200
12,42,3,25,152,2404P1012,306000,74000
1091,616,3,22,137,2405P2088,896000,146716
18615,1276,5,41,187,2412P000711,239000,39800
13759,109,3,24,147,2407P000362,1017000,600525
4962,593,4,34,174,2405P5959,710000,100000
2020,627,3,21,130,2405P3017,398000,51000
1009,218,4,35,177,2405P2006,483000,139440
1941,252,4,33,172,2405P2938,256000,32600
14431,1158,3,26,157,2408V000421,249000,120916
1497,34,4,35,178,2405P2494,500000,1000000
4265,587,1,14,107,2405P5262,400000,152000
15926,514,7,64,261,2410P000498,1098000,357120
19703,710,7,64,264,2502P000255,3850000,110643
12170,817,3,21,133,2406P003428,792000,114400
13349,886,4,34,176,2407P000031,330000,99000
14340,524,3,29,341,2408P000195,,0
13727,713,1,11,93,2407P000330,834000,110000
11650,714,3,29,341,2406P002908,,0
1646,641,5,38,214,2405P2643,350000,120001
1380,42,3,24,146,2405P2377,169000,40750
4634,510,5,38,181,2405P5631,1850000,90602
1850,644,1,14,105,2405P2847,398000,72000
5377,342,7,63,258,2405P6374,1100000,333636
1746,51,1,14,107,2405P2743,555000,99900
21822,1404,3,24,149,2506P000290,973000,93000
4007,454,5,43,195,2405P5004,1215000,112000
4608,428,3,24,146,2405P5605,725000,167526
12223,823,4,35,179,2406P003481,280000,50000
20030,521,7,63,254,2503P000046,242000,60000
4528,213,7,63,259,2405P5525,459000,165226
9851,500,3,24,146,2406P001109,878000,149425
2256,581,3,22,135,2405P3253,1700000,622000
1660,786,1,11,90,2405P2657,315000,43750
14328,42,3,29,341,2408P000183,,0
1410,812,4,34,176,2405P2407,834000,11596905
23392,454,5,38,215,2508P000405,298000,37250
4652,510,5,38,214,2405P5649,165000,36736
1434,395,4,34,176,2405P2431,530000,64800
2604,169,3,25,152,2405P3601,289000,77600
15884,906,4,39,183,2410P000456,,0
2370,169,3,24,148,2405P3367,369000,108480
24290,1496,3,21,129,2509V000493,139000,60750
15367,45,1,12,95,2409P000585,4040000,317400
819,866,3,24,146,2405P1816,1497000,449100
20499,1362,4,34,175,2503P000232,192000,38000
2906,340,1,12,99,2405P3903,1014000,105960
13789,216,5,38,181,2407P000392,976000,73851
14515,1116,4,33,170,2408P000320,450000,50400
4606,169,3,24,145,2405P5603,279000,70091
1021,34,4,35,177,2405P2018,2475000,282720
1297,216,5,38,181,2405P2294,1380000,200000
13721,169,3,29,341,2407P000324,,0
20895,42,3,29,341,2504P000002,,0
13494,690,1,11,92,2407P000104,695000,114000
516,116,7,64,264,2405P1513,578000,162570
1174,2,4,35,179,2405P2171,833000,230520
13711,34,4,39,183,2407P000314,,0
20502,1026,4,32,166,2503P000235,219800,32970
10405,396,3,21,131,2406P001663,318000,52000
10412,1039,3,25,151,2406P001670,191000,47000
14561,353,4,35,177,2408P000362,320000,8143
21874,1214,1,19,127,2506P000336,,0
22081,1274,6,59,250,2507P000122,,0
20501,1362,4,34,175,2503P000234,100000,60000
22051,143,1,12,95,2507P000092,1620000,223500
13398,810,4,32,165,2407P000067,705000,77550
24065,1332,5,49,221,2509P000359,230000,24750
804,587,1,14,105,2405P1801,472000,50400
12266,817,3,21,133,2406P003524,295000,51000
21327,1175,6,53,234,2504P000269,747000,47000
1783,587,1,14,105,2405P2780,280000,58400
12278,817,3,21,133,2406P003536,440000,57200
5208,258,3,24,148,2405P6205,2574000,1117400
1462,42,3,24,146,2405P2459,186000,29795
1240,601,3,25,151,2405P2237,425000,151750
14553,353,4,35,177,2408P000354,750000,860003
8730,810,4,32,164,2405P000031,110000,25000
12097,419,5,38,214,2406P003355,230000,31750
9416,450,4,34,175,2406P000674,325000,240002
874,755,3,24,146,2405P1871,246000,83000
24369,1504,3,29,341,2509P000627,,0
5559,352,4,34,174,2405P6556,495000,122100
13762,216,5,38,181,2407P000365,1150000,100000
6315,713,1,11,92,2405P7312,1345000,408500
11258,216,5,38,181,2406P002516,430000,133000
11491,419,5,38,214,2406P002749,600000,79500
467,116,3,27,160,2405P1464,3290000,280000
4640,510,5,38,181,2405P5637,1500000,237000
1459,42,3,26,157,2405P2456,810000,64800
6793,731,3,21,130,2405V1376,948000,123690
28340,530,4,35,177,2511P002657,458000,141600
25,371,4,35,178,2404P1025,220000,48008
3263,221,3,25,151,2405P4260,897000,161760
246,505,1,14,105,2405P1243,516000,50000
13615,42,3,25,151,2407P000221,1017000,143800
10174,598,3,21,131,2406P001432,160000,16000
14415,143,1,12,95,2408P000229,1947000,280000
3480,867,1,11,93,2405P4477,810000,299000
8844,694,3,24,146,2406P000102,918000,188222
1178,875,3,24,148,2405P2175,498000,410500
10632,1041,3,21,129,2406P001890,888000,31434
530,419,5,38,214,2405P1527,4074000,54842
4570,470,3,25,151,2405P5567,304000,85120
14429,1158,3,26,157,2408V000416,422000,105600
14719,475,3,27,160,2408P000509,2299000,679900
16996,1278,3,27,160,2411P000384,458000,211400
4465,454,5,43,195,2405P5462,344000,17695
20122,1306,5,42,191,2503V000517,858000,60000
2298,408,1,13,103,2405P3295,195000,57797
24574,6,4,39,183,2509P000789,,0
11456,494,4,34,175,2406P002714,105000,27000
13718,923,3,21,133,2407P000321,695000,375184
963,407,1,11,90,2405P1960,495000,155000
3042,450,4,34,175,2405P4039,1200000,76800
10122,598,3,21,130,2406P001380,353430,53000
145,883,5,41,184,2405P1142,230000,55750
13626,419,5,38,216,2407P000232,207000,34450
375,812,4,34,176,2405P1372,730000,31600
9933,690,1,11,93,2406P001191,1000000,137088
16939,320,6,53,230,2411P000328,7380000,506050
12910,567,7,64,263,2406P003998,1490000,483000
4257,42,3,21,130,2405P5254,894000,169615
3,42,3,21,130,2404P1003,1050000,96000
21123,164,2,58,249,2508V000483,1100000,110000
9813,500,3,24,147,2406P001071,478000,74605
5877,810,4,36,180,2405P6874,285000,60000
8949,867,1,11,93,2406P000207,690000,146000
2264,408,1,13,103,2405P3261,1138000,306000
9092,765,7,68,272,2406P000350,798000,39900
2941,340,1,12,99,2405P3938,2070000,196000
17652,803,4,34,174,2412P000084,130000,91000
2761,812,4,34,176,2405P3758,383000,38300
20843,883,5,44,196,2503P000484,198000,29463
13635,1118,3,26,157,2407P000241,170000,40800
4773,616,3,22,137,2405P5770,658000,189900
16426,1253,5,38,218,2410P000963,477000,85625
14787,470,3,29,341,2409P000032,100000,41000
10193,598,3,24,146,2406P001451,264000,85800
3444,867,1,11,93,2405P4441,1215000,300484
3256,433,3,24,146,2405P4253,198000,50000
1461,307,4,33,170,2405P2458,420000,481950
1588,116,7,64,264,2405P2585,1049000,162268
23,731,3,24,146,2404P1023,918000,214500
9038,1026,4,32,164,2406P000296,114900,29670
4989,149,3,21,132,2405P5986,624000,101587
17047,1211,3,26,157,2411P000423,1100000,200700
1866,861,5,38,181,2405P2863,2067000,133940
1541,223,4,31,161,2405P2538,1140000,285000
9858,510,5,38,181,2406P001116,1810000,200000
15887,1232,3,22,135,2410P000459,567000,50000
3283,433,3,24,146,2405P4280,218000,32600
2201,7,3,21,130,2405P3198,262000,45000
13714,776,5,38,181,2407P000317,1518000,237350
20635,444,4,34,175,2503P000282,236000,20000
6108,45,1,12,95,2405P7105,3414000,200000
14352,940,4,33,170,2408P000207,1153000,4661754
22879,164,2,58,249,2508V000096,660000,60000
12175,1043,3,25,151,2406P003433,174000,19333
1855,740,1,12,98,2405P2852,1746000,500000
21096,1368,3,24,149,2504P000099,837000,71600
10702,312,3,21,129,2406P001960,476000,81872
2405,402,1,11,90,2405P3402,584000,56000
21242,1371,4,37,339,2504P000213,176400,23144
17526,690,1,11,92,2412P000030,435000,99699
1023,530,4,35,178,2405P2020,427000,1040000
14902,867,1,11,93,2409P000136,650000,70150
16750,1275,3,24,149,2411P000139,180000,50000
4561,470,3,25,151,2405P5558,298000,48250
5237,587,1,14,105,2405P6234,345000,87600
10491,1064,4,33,172,2406P001749,190000,50000
12164,444,4,34,175,2406P003422,295000,60000
5045,461,4,31,161,2405P6042,720000,120701
21587,992,6,52,224,2506P000069,9280000,200000
28362,265,4,35,178,2511P002669,60000,5000
2473,408,1,13,103,2405P3470,496000,188000
24340,1253,5,38,218,2509P000599,596000,82440
11270,496,5,38,216,2406P002528,405000,107167
1575,223,4,31,161,2405P2572,1365000,152137
1652,444,4,34,175,2405P2649,448000,98000
791,475,3,21,133,2405P1788,1178000,164361
1977,812,4,34,176,2405P2974,1116000,223200
12241,194,3,24,149,2406P003499,824000,138400
1407,812,4,34,176,2405P2404,1875000,1668619
9287,1068,3,21,133,2406P000545,1526000,60600
14409,1076,3,24,145,2408P000223,384000,124800
17605,1265,3,21,129,2412P000064,405000,43210
1186,641,5,38,216,2405P2183,316000,63570
14151,861,5,38,181,2408P000006,1071000,166500
18892,1331,1,18,125,2501V000105,246500,27075
17596,455,1,12,95,2412P000055,1677000,191160
18728,530,4,39,183,2501P000010,,0
1369,515,3,26,156,2405P2366,298000,86072
21579,992,6,52,224,2506P000061,4760000,80000
15500,1222,3,24,147,2410P000073,627000,199000
6670,486,4,31,161,2405P7667,968000,89409
1177,265,4,35,179,2405P2174,280000,22400
18,593,4,34,174,2404P1018,1390000,447000
1254,601,3,25,151,2405P2251,356000,57000
2252,806,3,25,151,2405P3249,418000,60000
1862,76,3,21,132,2405P2859,474000,139500
1100,616,3,22,137,2405P2097,1752000,121900
14526,1160,3,29,341,2408P000331,,0
21241,1371,4,37,339,2504P000212,486000,42632
2202,43,3,22,135,2405P3199,1130000,160000
10199,407,1,11,90,2406P001457,294000,38739
22703,1117,3,29,341,2507P000691,,0
1016,265,4,35,179,2405P2013,286000,123760
67,713,1,11,93,2405P1064,1196000,182445
71,713,1,11,93,2405P1068,1890000,192880
8942,248,5,38,181,2406P000200,1009800,170000
733,713,1,11,92,2405P1730,1080000,162000
19907,312,3,21,129,2502P000333,410000,79000
2098,76,3,21,132,2405P3095,210000,41839
5126,461,4,31,161,2405P6123,633600,60000
1316,627,3,21,129,2405P2313,339000,59156
17493,41,1,12,95,2411P000622,1650000,187000
5935,713,1,11,92,2405P6932,540000,58320
1420,750,3,25,151,2405P2417,417000,165126
1751,45,1,12,95,2405P2748,3912160,303000
22082,42,3,24,147,2507P000123,180000,81000
5380,713,1,11,92,2405P6377,825000,147314
1238,690,1,11,92,2405P2235,556000,70056
19538,649,3,21,129,2502P000101,1245000,130880
17574,1296,7,63,256,2412P000048,2390000,2091000
1468,42,3,24,146,2405P2465,350000,74000
13631,861,5,38,181,2407P000237,1134000,174900
21102,218,4,35,177,2504P000105,,24639843
2114,731,3,24,146,2405P3111,520000,174000
1151,530,4,35,177,2405P2148,2232000,169500
1491,193,4,34,176,2405P2488,13680000,3881044
16714,510,5,38,181,2411P000107,467280,78800
321,812,4,34,176,2405P1318,395000,37600
16582,1265,3,21,132,2411P000047,258000,56000
16609,1043,3,25,151,2411P000073,170000,32000
1332,861,5,38,181,2405P2329,1818000,188269
3083,114,7,63,254,2405P4080,1325000,183000
1444,713,1,11,92,2405P2441,1060000,114000
15363,867,1,11,93,2409P000581,1320000,152500
1218,601,3,25,151,2405P2215,177000,40000
6899,449,3,26,157,2405V1629,250000,136339
15524,41,1,12,95,2410P000096,1270000,88000
21410,218,4,35,177,2505P000016,,16708268
1448,923,3,21,133,2405P2445,110000,31200
8969,686,1,12,95,2406P000227,1808000,205600
21249,1371,4,37,339,2504P000220,234000,41600
8927,867,1,11,92,2406P000185,550000,100000
9611,153,7,63,258,2406P000869,2150000,570000
17853,1305,4,36,180,2412P000142,1860000,100000
2390,451,1,18,125,2405P3387,1200000,331200
9279,486,4,31,162,2406P000537,483000,112000
3328,906,4,31,162,2405P4325,1276000,90000
14851,363,4,31,161,2409P000093,470400,49155
4270,649,3,25,151,2405P5267,289000,96490
21110,218,4,35,177,2504P000113,,16410977
2489,408,1,13,103,2405P3486,1320000,396000
22880,164,2,58,249,2508V000099,3960000,120000
14490,1163,3,24,147,2408P000298,560000,151800
5671,510,5,50,223,2405P6668,,0
10515,493,4,32,164,2406P001773,620000,60294
939,601,3,25,151,2405P1936,825000,49500
21233,258,3,24,148,2504P000204,579000,75000
10676,312,3,21,129,2406P001934,670000,216125
2109,283,3,22,135,2405P3106,500000,123800
15365,867,1,11,93,2409P000583,834000,194720
983,456,3,25,151,2405P1980,1004400,278700
6613,735,1,12,95,2405P7611,5058000,688000
16725,627,3,21,129,2411P000116,442000,51000
1234,785,4,31,161,2405P2231,930000,240200
6199,611,4,31,162,2405P7196,2100000,200000
5273,477,1,12,99,2405P6270,788040,147960
9335,455,1,12,96,2406P000593,398000,34016
13614,42,3,29,341,2407P000220,,0
928,80,3,22,138,2405P1925,1775000,135200
21687,1387,3,22,135,2506P000159,820000,60000
6516,486,4,31,161,2405P7513,1110000,500000
14491,1163,3,24,148,2408P000299,578000,247900
22929,1449,3,24,146,2508P000089,288000,52920
1996,194,3,24,149,2405P2993,1120000,114000
15509,1221,3,24,145,2410P000082,359000,100000
1145,866,3,24,145,2405P2142,1476000,105280
9906,690,1,11,93,2406P001164,750000,141000
233,883,3,27,160,2405P1230,900000,58625
17847,1305,4,36,180,2412P000136,1240000,100000
5974,556,3,22,135,2405P6971,896400,225096
10528,493,4,32,164,2406P001786,348000,112400
5413,731,3,24,146,2405P6410,658000,98890
4040,690,1,19,127,2405P5037,,0
14761,2,4,35,178,2409P000010,140000,52500
4650,510,5,38,214,2405P5647,170000,51172
932,169,3,24,146,2405P1929,264000,35000
21409,218,4,35,177,2505P000015,,26059000
1094,694,3,24,147,2405P2091,399000,78600
11638,1076,3,24,145,2406P002896,192000,40000
1520,933,3,21,129,2405P2517,417000,76850
1203,34,4,33,170,2405P2200,133000,26600
19916,338,3,26,156,2502V003203,139000,31000
5519,556,3,22,135,2405P6516,1480500,365190
1067,616,3,22,137,2405P2064,378000,58705
16185,1222,3,24,147,2410P000754,1258000,530000
1471,779,3,25,151,2405P2468,612000,126000
886,455,1,12,95,2405P1883,675000,160000
17494,867,1,11,91,2411P000623,775000,74700
8944,408,1,18,125,2406P000202,699000,264440
15496,1222,3,24,148,2410P000069,958000,173950
42,248,5,38,181,2404P1040,3876000,184161
17499,1298,3,24,147,2412P000004,1650000,536250
23383,1444,3,22,135,2508P000397,796000,119800
10434,1040,3,21,133,2406P001692,360000,55200
1441,42,3,25,151,2405P2438,498000,101681
2082,76,3,21,132,2405P3079,512000,51200
9271,598,3,26,157,2406P000529,130000,17800
1143,940,4,33,172,2405P2140,2075400,7344461
1816,755,3,24,147,2405P2813,396000,41562
24281,1534,4,37,339,2509V000460,420000,17500
3418,342,7,64,261,2405P4415,769000,227700
12643,817,3,21,133,2406P003901,195000,18850
14763,724,4,35,178,2409P000012,450000,63000
14648,492,1,14,105,2408P000447,440000,87120
21854,1411,1,14,108,2506P000320,160000,16000
18665,461,1,12,95,2412P000761,870000,60000
2890,755,3,24,146,2405P3887,327000,55909
11565,823,4,35,179,2406P002823,98400,28000
2095,76,3,21,132,2405P3092,182000,63963
3375,694,3,21,129,2405P4372,770000,91040
18701,1211,3,26,157,2412P000795,440000,121000
10492,995,5,38,217,2406P001750,236000,26852
20503,694,3,24,147,2503P000236,319000,89320
486,587,1,14,107,2405P1483,1365000,181107
16407,342,7,64,261,2410P000945,569000,150591
1017,785,4,31,161,2405P2014,588000,90800
1331,312,3,21,129,2405P2328,643500,78530
5041,461,4,31,162,2405P6038,1875000,117000
3436,420,3,24,145,2405P4433,638000,189200
5212,258,3,29,341,2405P6209,,0
19691,1346,3,21,133,2502P000243,1290000,352867
5009,461,4,31,162,2405P6006,580000,137680
23115,1274,6,59,250,2508V000563,300000,20000
1545,627,3,21,130,2405P2542,352000,38479
16451,1257,3,24,149,2410P000987,650000,207962
14906,740,1,12,95,2409P000140,1280000,189000
15918,808,1,12,95,2410P000490,2910000,290400
18706,1211,3,26,157,2412V001844,880000,295000
13248,1098,5,38,215,2406P004145,778000,98900
9836,500,3,24,146,2406P001094,235620,25800
23296,1464,4,34,174,2508V000756,316000,12842
24130,1332,7,67,271,2509P000416,336000,42000
6299,611,4,31,162,2405P7296,3540000,261000
2516,644,1,14,105,2405P3513,438000,148000
22060,258,3,29,341,2507P000101,,0
20152,1211,3,24,145,2503P000101,190000,62000
22932,164,2,58,249,2508V000241,1650000,120000
2230,419,5,38,214,2405P3227,304000,240000
14440,1160,3,24,149,2408P000248,660000,165316
24366,1504,3,29,341,2509P000624,,0
4631,510,5,38,181,2405P5628,930000,186850
2785,261,3,24,147,2405P3782,259000,90675
15479,1298,3,24,146,2410P000053,759000,120871
880,601,3,25,151,2405P1877,330000,55033
28958,172,6,52,224,2512V000527,9160000,545400
462,116,7,64,262,2405P1459,798000,164700
20500,1362,4,34,175,2503P000233,114000,114000
10541,906,4,31,162,2406P001799,519000,100000
11336,419,5,38,214,2406P002594,408000,58800
480,587,1,14,107,2405P1477,806850,103150
4288,110,3,23,143,2405P5285,990000,1330379
16861,220,7,64,264,2411P000250,629200,184148
18687,939,8,384,391,2412V001837,2740845,1250210
10180,407,1,11,90,2406P001438,250000,45000
22206,1429,7,63,258,2507P000241,1980000,79200
15514,1221,3,26,155,2410P000087,338000,66857
13767,419,5,38,216,2407P000370,124000,24800
1752,312,3,21,129,2405P2749,372000,63984
12303,643,3,24,149,2406P003561,630000,216000
4566,343,3,21,129,2405P5563,302000,50254
4573,470,3,21,129,2405P5570,745000,73110
21576,992,6,52,224,2506P000058,4540000,126600
21125,164,2,58,249,2504V000655,1190000,119000
29058,1594,3,24,147,2512P000350,258000,10000
22544,164,2,58,249,2507V000265,2250000,135000
10153,34,4,35,177,2406P001411,322000,62300
5884,556,3,22,135,2405P6881,1757700,571070
22062,714,3,24,148,2507P000103,528000,308000
22056,643,3,29,341,2507P000097,,0
283,622,1,12,97,2405P1280,310000,52000
5996,42,3,24,146,2405P6993,259000,96864
19921,338,3,26,155,2502V003213,290000,44500
11168,304,3,29,341,2406P002426,,0
22052,143,1,12,95,2507P000093,1620000,250000
8692,362,3,22,139,2405V10466,248000,45000
25444,1568,1,19,127,2510P000686,,0
1665,644,1,14,104,2405P2662,738000,218425
20032,521,3,22,136,2503P000048,550000,114000
1742,627,3,21,130,2405P2739,338000,70535
11659,409,4,34,175,2406P002917,200000,130000
1436,169,3,24,145,2405P2433,490000,72145
1429,7,3,21,130,2405P2426,150000,46625
2549,735,3,22,135,2405P3546,830000,356180
11577,901,3,29,341,2406P002835,50000,41000
1585,474,1,11,93,2405P2582,790000,114404
13379,1104,4,32,164,2407P000050,525000,41000
3991,853,3,24,145,2405P4988,418000,56700
15394,514,3,27,160,2409V000185,1065000,196500
1819,395,4,34,176,2405P2816,9040000,1488000
4379,429,3,25,151,2405P5376,740000,207200
14338,1141,3,24,149,2408P000193,692010,147550
14899,867,1,11,93,2409P000133,1224000,240735
33,593,4,34,174,2404P1033,1112000,142000
920,169,3,24,147,2405P1917,798000,97500
8929,340,1,12,99,2406P000187,850000,169000
20715,883,5,41,184,2503P000356,398000,59250
14330,810,4,32,164,2408P000185,120000,36000
11352,419,5,38,214,2406P002610,348000,60000
14888,320,6,52,224,2409V000041,57980000,2000000
10749,312,3,21,129,2406P002007,840000,66300
2579,735,3,22,135,2405P3576,1194000,188418
13382,1104,4,32,164,2407P000053,507000,45760
16726,627,3,21,129,2411P000117,1096000,29950
20063,1222,3,24,147,2503V000248,579000,124000
14549,353,4,35,177,2408P000350,328000,164200
4644,510,5,43,193,2405P5641,350000,575000
22911,194,3,24,149,2508P000071,338000,49010
11445,861,5,38,181,2406P002703,2685000,300000
1945,641,5,43,195,2405P2942,624000,184700
21396,1375,1,12,99,2505P000004,480000,80000
2876,408,1,13,103,2405P3873,2483200,615000
543,906,4,31,162,2405P1540,2550000,151500
4344,649,3,25,151,2405P5341,1098000,184607
16739,1275,3,24,149,2411P000128,237000,83000
16529,866,3,24,147,2411P000004,1099000,390000
21190,514,7,64,262,2504P000171,719000,60000
13402,810,4,32,164,2407P000071,156000,13636
7871,783,4,34,175,2405V5853,126000,33264
11418,45,1,12,99,2406P002676,1500000,186400
2221,581,3,22,135,2405P3218,450000,65750
4801,593,4,34,174,2405P5798,703999,239721
14335,1141,3,24,149,2408P000190,478000,147550
1182,530,4,35,177,2405P2179,1972000,124000
4,248,5,38,181,2404P1004,1560000,142753
14900,867,1,11,93,2409P000134,1230000,195000
10551,216,5,38,181,2406P001809,2000000,560000
9361,455,1,12,96,2406P000619,1194000,95520
21757,1394,1,12,99,2506P000225,1140000,100000
4346,213,5,41,184,2405P5343,399000,60000
997,34,4,35,177,2405P1994,916000,120000
17498,1211,3,24,147,2412P000003,600000,224940
19015,1305,4,32,165,2502P000065,354000,23459
2406,143,1,12,95,2405P3403,1707000,12558000
1577,806,3,25,151,2405P2574,200000,65000
687,191,1,12,95,2405P1684,4480000,500000
13255,213,7,64,261,2406P004152,2559000,500000
2823,213,7,67,271,2405P3820,2399000,444410
16745,1275,3,24,149,2411P000134,440000,60000
14764,810,4,32,164,2409P000013,120000,21000
14353,795,4,33,170,2408P000208,1755000,95532
11364,419,5,38,216,2406P002622,360000,60000
4794,618,1,14,105,2405P5791,250000,50000
5262,143,1,12,95,2405P6259,3695000,3615000
16720,510,5,38,181,2411P000111,366000,46000
13785,496,5,38,216,2407P000388,390000,50000
14400,810,4,32,164,2408P000214,220000,47000
2649,304,3,25,151,2405P3646,430000,60000
6633,477,1,12,99,2405P7630,234000,100000
10460,995,5,38,217,2406P001718,276000,59106
1551,477,1,12,99,2405P2548,480000,152000
2151,43,3,22,135,2405P3148,1245000,96232
336,213,7,63,259,2405P1333,669000,112012
995,893,3,24,145,2405P1992,1107000,234500
14818,856,3,24,147,2409P000063,164000,63540
12204,779,3,25,151,2406P003462,416000,70000
967,407,1,11,90,2405P1964,720000,91250
19130,1211,3,29,341,2502P000082,,0
5232,258,3,24,148,2405P6229,818000,351500
10214,407,1,11,90,2406P001472,280000,111300
15323,803,4,39,183,2409P000557,50000,41540
4529,684,1,14,105,2405P5526,338000,60000
5021,461,4,31,162,2405P6018,1540000,117600
5854,882,3,24,147,2405P6851,1890000,593450
28364,34,4,35,178,2511P002671,70000,1000
16722,627,3,21,129,2411P000113,442000,51000
15920,808,1,12,95,2410P000492,4075000,538000
4875,510,5,38,181,2405P5872,1302000,217000
20028,710,7,64,264,2503P000044,880000,104000
5799,713,1,11,92,2405P6796,810000,60000
13263,732,4,34,175,2406P004160,236000,23621
9225,396,3,21,129,2406P000483,177210,43000
251,492,1,14,105,2405P1248,315000,68439
13774,810,4,32,164,2407P000377,1210000,82000
15407,724,4,35,179,2409P000601,270000,52400
17572,1296,7,63,256,2412P000046,1950000,383000
14322,875,3,24,146,2408P000177,198000,70680
21314,798,6,57,243,2504P000256,318000,33250
22695,1117,3,29,341,2507P000683,,0
10642,1041,3,21,129,2406P001900,398000,55000
28361,530,4,35,178,2511P002668,225000,225000
8,42,3,24,145,2404P1008,1813000,659225
9366,641,5,38,181,2406P000624,1078200,122400
14822,419,5,38,214,2409P000067,128000,11000
21112,143,1,19,127,2504P000115,,0
9899,690,1,11,93,2406P001157,1000000,107000
6208,489,4,31,162,2405P7205,2835000,422741
12261,643,3,24,149,2406P003519,876000,105780
22927,1076,3,24,145,2508P000087,470000,49999
4083,454,5,43,195,2405P5080,432000,35702
1735,587,1,14,107,2405P2732,450000,113750
2548,686,1,12,95,2405P3545,1767000,189800
1453,750,3,25,151,2405P2450,148000,55000
24145,320,6,52,224,2509V000408,31990000,0
15457,1210,3,23,141,2410P000033,332000,41877
6585,143,1,12,95,2405P7582,1140000,235000
1417,611,4,31,162,2405P2414,4470000,15730000
1002,34,4,35,177,2405P1999,1005100,363444
17034,1211,3,24,147,2411P000410,890000,249200
2762,601,3,25,151,2405P3759,550000,77000
2239,581,3,22,135,2405P3236,495000,83730
1539,803,4,34,174,2405P2536,187200,23400
10323,621,4,34,175,2406P001581,293040,44400
4546,618,1,14,108,2405P5543,545000,77400
2381,42,3,24,148,2405P3378,626000,139370
22074,867,1,11,93,2507P000115,1173000,80000
1523,194,3,24,149,2405P2520,640000,120000
16400,475,3,21,133,2410P000939,1059000,318175
10004,687,4,39,183,2406P001262,150000,41000
1005,218,4,35,177,2405P2002,1946000,209500
2193,713,1,11,93,2405P3191,1179000,206000
5402,595,3,22,139,2405P6399,110200,50000
15397,872,3,22,136,2409P000593,1750000,383000
19689,1346,7,64,264,2502P000242,1320000,300000
1865,906,4,31,162,2405P2862,850000,115904
13529,733,4,34,175,2407P000139,214000,52196
13713,34,4,39,183,2407P000316,,0
6,601,3,25,151,2404P1006,330000,50000
16060,1163,3,24,147,2410P000629,359000,128972
3318,433,3,29,341,2405P4315,,0
2124,731,3,24,146,2405P3121,598000,83390
14559,353,4,35,177,2408P000360,470000,98739
13732,248,5,38,181,2407P000335,190000,30385
12006,396,3,21,131,2406P003264,350000,97600
23082,164,2,58,249,2508V000540,750000,60000
15544,1128,6,53,231,2410P000116,1200000,110000
3357,853,3,24,145,2405P4354,370000,107250
22065,714,3,24,148,2507P000106,528000,329000
4894,510,5,38,214,2405P5891,700000,42000
23072,164,2,58,249,2508V000488,595000,60000
14826,419,5,38,216,2409P000071,204000,40979
14835,1162,4,32,166,2409P000077,121100,24260
16421,1253,5,38,218,2410P000959,1098000,50200
14153,1132,3,21,133,2408P000008,558000,110481
737,42,3,24,146,2405P1734,894000,107520
39,143,1,12,95,2404P1037,1678000,204000
1088,694,3,24,147,2405P2085,1794000,95225
18098,1311,4,32,166,2412P000278,117000,43385
2340,428,3,21,130,2405P3337,1398000,195720
8940,867,1,11,92,2406P000198,828000,87182
14026,475,3,27,160,2407P000628,899000,188460
13656,109,3,24,147,2407P000259,1295000,670875
22975,320,6,53,232,2508P000134,479000,50000
2257,428,3,24,147,2405P3254,1890000,433920
9865,343,3,21,131,2406P001123,85000,53000
10267,407,1,11,90,2406P001525,330000,83000
9451,1051,3,24,147,2406P000709,389000,114402
9438,766,4,34,175,2406P000696,213400,23672
6903,306,3,24,147,2405V1636,689000,214175
10490,627,3,25,151,2406P001748,328000,52176
18720,1327,4,35,178,2501P000004,792000,28900
21195,514,3,21,133,2504V000691,725000,57840
9572,454,5,38,215,2406P000830,399000,95760
17998,1304,1,11,90,2412P000191,200000,48000
18978,1337,2,15,197,2502V000015,3995000,370000
18777,644,1,14,104,2501P000055,425000,113490
20634,494,4,34,175,2503P000281,98000,43243
781,713,1,11,93,2405P1778,1100000,324000
21853,1411,1,14,108,2506P000319,125000,25000
21239,1371,4,37,339,2504P000210,135000,25500
14874,1161,3,29,341,2409P000112,,0
2990,408,1,13,103,2405P3987,717000,155800
13392,1104,4,32,164,2407P000063,498000,49800
24792,1117,3,29,341,2510P000058,,0
17604,1265,3,29,341,2412P000063,,0
376,183,7,64,262,2405P1373,1460000,126429
23027,164,2,58,249,2508V000446,1100000,110000
10463,1040,3,21,133,2406P001721,305000,32000
24081,1332,5,49,221,2509P000374,498000,50000
9918,690,1,11,93,2406P001176,1025000,63140
19919,338,3,26,155,2502V003209,145000,36250
1399,515,3,26,155,2405P2396,178000,31000
16581,926,6,53,235,2411V000070,1159000,189418
20018,521,5,49,221,2503P000034,495000,33000
14414,143,1,12,95,2408P000228,1340000,486000
3061,475,3,27,160,2405P4058,569000,158700
16501,739,7,69,336,2410P001036,540000,54000
18365,481,1,11,93,2412P000461,620000,65000
1884,906,4,31,162,2405P2881,1229400,200000
1370,650,3,21,129,2405P2367,966000,62000
18661,461,1,12,95,2412P000757,1347000,106000
15929,514,5,41,189,2410V000020,270000,27000
4493,428,3,24,146,2405P5490,890000,119600
2902,340,1,12,99,2405P3899,810000,70000
12160,817,3,21,133,2406P003418,180000,50000
9902,575,3,21,129,2406P001160,327000,65075
16712,1274,6,59,250,2411P000105,198000,19800
22909,808,1,12,95,2508P000069,692000,60000
811,808,1,12,95,2405P1808,1258000,375600
2174,43,3,22,135,2405P3171,410000,39800
2780,940,4,33,170,2405P3777,732000,67000
17032,1298,3,26,157,2411P000408,639000,153360
19912,1351,1,14,105,2502P000338,246500,58725
14757,1184,4,33,172,2409P000006,112000,17000
18930,1336,1,13,103,2501P000178,318750,56250
1465,730,3,25,151,2405P2462,1056000,53888
904,261,3,24,147,2405P1901,588000,91105
20957,395,4,34,176,2504P000063,5187000,976476
14020,627,3,25,151,2407P000623,368000,37634
4816,470,3,21,129,2405P5813,318000,44700
2848,883,5,38,215,2405P3845,470000,66000
14870,454,5,38,215,2409P000107,315000,38172
1605,620,3,22,135,2405P2602,995000,141850
13574,1117,1,14,105,2407P000180,359000,63000
4038,454,5,43,195,2405P5035,370000,50000
25453,641,5,38,181,2510P000695,178000,72670
21237,1371,4,37,339,2504P000208,324000,60000
22055,194,3,29,341,2507P000096,,0
22054,1331,1,19,127,2507P000095,,0
8881,24,5,50,223,2406P000139,,0
29042,6,4,39,183,2512P000337,,0
17573,1296,7,63,256,2412P000047,3590000,682100
9371,867,1,11,92,2406P000629,756000,178720
5940,419,5,38,216,2405P6937,276000,23257
4994,149,3,21,132,2405P5991,246000,48033
11692,481,1,11,93,2406P002950,816000,62988
14438,1161,3,24,148,2408P000246,480000,123340
15515,1221,3,24,146,2410P000088,249000,53250
19787,701,6,57,243,2502V002910,399000,198750
18943,514,5,41,184,2502V000004,235000,66280
2664,304,3,25,151,2405P3661,418000,83600
11440,396,3,21,131,2406P002698,256000,34468
2216,714,3,24,148,2405P3213,980000,178181
5125,872,7,64,264,2405P6122,1218000,184984
1784,407,1,11,90,2405P2781,330000,45200
5048,872,3,27,160,2405P6045,760000,127711
16862,220,7,64,261,2411P000251,3022000,453300
20119,1306,5,42,190,2503V000500,658000,46060
23947,320,6,53,230,2509V000292,530000,50000
12527,42,3,24,145,2406P003785,218000,32250
22488,1437,3,22,136,2507V000168,700000,35000
22725,172,6,52,224,2507V000281,25990000,761700
3353,906,4,31,162,2405P4350,1887000,180000
19802,701,6,57,243,2502V002935,729000,124113
12933,1081,3,26,158,2406V001174,70900,16139
17401,739,5,44,196,2411V001906,1238000,70000
19711,340,3,22,135,2502P000263,480000,240000
23981,1488,3,24,149,2509V000319,198000,21780
1719,587,1,14,105,2405P2716,188100,51400
16717,470,3,21,129,2411P000109,258000,48000
21703,771,3,23,141,2506P000172,2900000,120000
11450,396,3,21,131,2406P002708,175000,41553
15448,1210,3,23,142,2410P000024,338000,67600
5518,556,3,22,135,2405P6515,672300,158484
16738,1275,3,24,149,2411P000127,180000,50000
1041,866,3,24,147,2405P2038,798000,239400
17941,1303,1,12,99,2503V001306,376000,37600
2006,261,3,24,147,2405P3003,439000,98468
16710,1274,6,59,250,2411P000103,258000,32250
20710,883,5,41,184,2503P000351,230000,27000
16961,475,3,21,133,2411P000350,1419000,357000
9060,694,3,24,147,2406P000318,1199000,436520
5543,419,5,38,216,2405P6540,138000,32110
13246,1098,7,64,264,2406P004143,999000,130014
20579,883,7,64,262,2503P000260,825000,66318
4827,470,3,21,129,2405P5824,159000,48000
914,601,3,25,151,2405P1911,608000,72640
22058,1416,3,24,146,2507P000099,229000,59000
5027,88,3,24,147,2405P6024,398000,70750
16063,1163,3,24,147,2410P000632,480000,165590
160,883,5,41,184,2405P1157,110000,24750
2554,735,3,22,135,2405P3551,867000,187850
17550,1290,3,25,151,2412V000047,169000,31800
4319,649,3,25,151,2405P5316,578000,57800
13779,109,3,24,147,2407P000382,449000,168190
13084,481,1,11,93,2406P004065,738000,147200
16532,866,3,24,146,2411P000007,519000,164373
18112,1311,4,32,166,2412P000292,327000,69000
2878,7,3,24,148,2405P3875,332000,69000
773,169,3,25,152,2405P1770,405000,44227
1875,886,4,34,176,2405P2872,288000,50000
15913,475,3,27,160,2410P000485,439000,64290
19708,340,3,22,135,2502P000260,450000,225000
7854,320,6,52,224,2405V5761,20990000,629700
9051,765,5,41,184,2406P000309,629000,148015
14480,1162,4,32,166,2408P000288,536400,50000
21688,1388,3,26,157,2506V000029,494000,60000
17038,641,5,50,223,2411P000414,,0
10376,1039,3,25,151,2406P001634,1032000,132560
5570,340,1,12,99,2405P6567,620000,62000
1786,51,1,14,105,2405P2783,364000,30132
4929,454,5,43,195,2405P5926,328000,78000
15119,676,7,64,263,2409P000353,1933000,474000
1661,277,3,22,137,2405P2658,445200,31998
4954,649,3,21,130,2405P5951,388000,124160
23206,1457,5,38,220,2510V000706,570000,46690
1623,616,3,22,137,2405P2620,175000,16800
1318,80,3,22,138,2405P2315,416000,41600
23977,1490,3,24,148,2509V000303,369000,46248
18003,1309,5,38,218,2412P000196,1202850,51599
20150,1298,3,24,147,2503P000098,450000,74940
15885,906,4,39,183,2410P000457,,0
20033,521,7,67,271,2503P000049,220000,73333
1248,138,1,14,108,2405P2245,116000,11600
14636,1172,1,14,105,2408P000435,516000,49200
10417,1040,3,21,133,2406P001675,360000,117000
10325,611,4,31,161,2406P001583,2840000,6225000
4805,343,3,21,129,2405P5802,302000,60430
10510,114,7,64,263,2406P001768,2558000,397700
25590,1332,7,64,261,2510P000805,490000,0
21322,652,7,63,258,2504P000265,629000,60000
13712,803,4,39,183,2407P000315,,0
19923,338,3,26,155,2502V003219,175000,50000
5873,810,4,36,180,2405P6870,5425000,300000
2540,686,1,12,95,2405P3537,1240000,172800
12956,1081,3,26,158,2406V001236,70000,10150
15501,1222,3,26,157,2410P000074,1495000,149500
20696,395,4,34,176,2503P000337,1356000,253000
5203,143,1,12,95,2405P6200,2217000,304340
14782,1125,5,38,218,2409P000030,316000,48000
2786,641,5,50,223,2405P3783,1509000,41540
2103,866,3,24,148,2405P3100,485000,92000
16436,514,7,64,261,2410P000973,1520000,172177
16490,1064,4,33,172,2410P001025,220000,54781
14427,1158,3,24,148,2408P000241,526000,102698
2003,76,3,21,132,2405P3000,356000,101270
14780,1122,3,22,136,2409P000028,272000,60277
1427,713,1,11,93,2405P2424,550000,108000
218,812,4,34,176,2405P1215,1056000,8722000
1590,223,4,31,161,2405P2587,1335000,200000
14436,1161,3,24,146,2408P000244,558000,167000
1477,42,3,24,147,2405P2474,298000,65760
14468,1162,4,32,166,2408P000276,1183000,106470
15499,559,3,24,149,2410P000072,3075000,90000
20643,1348,3,26,157,2503V001810,280000,131000
14863,514,5,41,184,2409V000024,579150,95400
23032,143,1,12,95,2508P000138,1107000,148000
1006,218,4,35,177,2405P2003,1449000,426010
16743,1275,3,24,149,2411P000132,400000,52000
5638,810,4,32,164,2405P6635,1200000,388000
6326,258,3,24,148,2405P7323,1148800,782080
12676,823,4,35,179,2406P003934,216000,57176
4963,524,3,21,134,2405P5960,234000,46800
13735,356,4,33,170,2407P000338,970000,80000
2556,686,1,12,95,2405P3553,1540000,252472
20024,710,7,64,264,2503P000040,330000,49500
13632,1118,3,24,147,2407P000238,190000,121000
14545,353,4,35,177,2408P000346,392000,59150
17935,514,5,41,187,2412V001423,866250,16300
484,587,1,14,107,2405P1481,1140000,167228
19932,593,4,39,183,2503P000001,,0
1095,616,3,22,137,2405P2092,177000,26550
4879,779,3,25,152,2405P5876,160000,52800
985,456,3,25,151,2405P1982,285000,94470
4671,216,5,38,181,2405P5668,1095000,100000
716,407,1,11,90,2405P1712,472000,58260
4810,470,3,25,151,2405P5807,447000,53700
11665,76,3,21,132,2406P002923,196000,39256
22059,1416,3,24,147,2507P000100,813780,66220
29225,1571,5,42,191,2512P000497,99000,20000
16694,320,6,53,230,2411P000098,9380000,3790000
1165,685,3,24,148,2405P2162,1797000,250000
11816,1043,3,25,151,2406P003074,174000,31600
23243,1332,7,67,271,2508V000658,760000,26600
18006,1309,5,38,218,2412P000199,345000,70800
14546,353,4,35,177,2408P000347,2460000,387600
5058,461,4,31,161,2405P6055,1592000,145050
6035,42,3,24,145,2405P7032,119000,119000
23298,1465,4,36,371,2508P000316,1101600,50000
14445,1160,3,24,148,2408P000253,777000,430560
1820,514,7,64,264,2405P2817,3538260,107220
22720,1298,3,24,146,2507P000705,467000,120000
16340,395,4,34,176,2410P000879,8415000,60000
4139,454,5,43,195,2405P5136,471000,60000
1210,541,4,33,170,2405P2207,637000,74800
21691,593,4,34,174,2506P000162,200000,24543
786,475,3,21,133,2405P1783,1166220,158085
22172,1346,3,27,160,2507V000149,1458000,0
5387,587,1,14,105,2405P6384,354000,73000
20202,164,2,58,278,2503P000122,585000,60000
2156,43,3,22,135,2405P3153,378000,69800
36,776,5,38,181,2404P1035,1245000,149816
19736,1349,4,32,166,2502P000283,383400,32680
4535,853,3,29,341,2405P5532,,0
9459,306,3,24,145,2406P000717,782040,250572
5000,149,3,21,132,2405P5997,211000,58705
10208,598,3,21,130,2406P001466,266000,40923
9288,598,3,26,157,2406P000546,130000,14000
19924,338,3,26,157,2502V003225,199000,64750
10738,312,3,21,129,2406P001996,386000,88000
14014,1125,5,41,189,2407P000617,273000,58500
14890,320,6,52,224,2409V000085,307900000,4723500
13709,218,4,39,183,2407P000312,100000,8000
862,587,1,14,105,2405P1859,354000,119796
4491,213,5,41,184,2405P5488,399000,103320
13381,1104,4,32,164,2407P000051,1596000,130000
16418,1253,5,38,218,2410P000955,1464000,107999
4075,647,3,23,143,2405P5072,2990000,2189000
18729,530,4,39,183,2501P000011,,0
4534,213,7,64,264,2405P5531,1938000,266700
1012,218,4,35,177,2405P2009,2618000,291495
6529,258,3,24,148,2405P7526,778000,389000
24356,1504,3,24,147,2509P000614,309000,32790
12281,779,3,25,151,2406P003539,412000,104505
1302,216,5,38,181,2405P2299,1095000,148000
19722,906,4,31,162,2502P000269,1270000,150000
4298,649,3,25,151,2405P5295,867000,163600
10440,143,1,12,95,2406P001698,2550000,208800
2176,213,7,64,264,2405P3173,1467000,146700
20422,867,1,11,93,2503P000181,1017000,114840
24372,1504,3,24,147,2509P000630,319000,87338
6387,143,1,12,95,2405P7384,610000,128000
5516,587,1,18,125,2405P6513,144000,26000
1342,419,5,38,214,2405P2339,553000,33180
2212,7,3,21,130,2405P3209,254000,41485
5088,461,4,31,161,2405P6085,744000,276001
13404,633,4,31,161,2407P000073,480200,100226
2416,402,1,11,90,2405P3413,300000,50000
1025,34,4,33,170,2405P2022,208000,105000
3467,872,7,63,259,2405P4464,269000,134500
14858,514,7,64,261,2409P000100,675000,152995
5867,167,4,32,167,2405P6864,330000,440001
24554,1524,3,28,340,2509P000771,267000,3000
13788,740,1,12,95,2407P000391,1256000,304500
2447,143,1,12,95,2405P3444,2900000,283440
18703,1298,3,24,147,2412P000797,1200000,201000
5937,352,4,34,174,2405P6934,483000,55200
14433,1158,3,26,157,2408V000428,498000,69436
1662,233,3,21,133,2405P2659,300000,50000
599,45,1,12,95,2405P1596,2495000,269600
989,218,4,35,177,2405P1986,482800,135200
14027,475,3,27,160,2407P000630,869000,223720
21380,1177,6,53,231,2504P000322,4194000,127000
793,427,3,24,145,2405P1790,480000,60000
3279,433,3,24,145,2405P4276,595000,34000
18414,481,1,19,127,2412P000510,,0
20724,883,5,41,184,2503P000365,399000,82000
14913,1207,7,64,262,2409P000147,99000,19000
730,42,3,21,130,2405P1727,309000,83950
12539,515,3,26,155,2406P003797,279000,49554
6861,449,3,26,157,2405V1531,300000,156000
4755,593,4,34,174,2405P5752,774000,133000
13724,641,5,38,181,2407P000327,525000,104400
9467,1051,3,24,147,2406P000725,598000,137425
9304,1068,3,21,133,2406P000562,398000,81302
1106,694,3,24,146,2405P2103,916000,223275
1425,42,3,24,145,2405P2422,298000,71600
4256,42,3,25,152,2405P5253,1323000,155840
971,875,3,24,147,2405P1968,678000,126000
15519,1214,1,12,97,2410P000091,116000,21860
2046,76,3,21,132,2405P3043,351000,100890
10422,686,1,12,95,2406P001680,2100000,180000
19131,906,4,39,183,2502P000083,,0
1014,218,4,35,177,2405P2011,4464000,141090
1421,427,3,24,145,2405P2418,216000,50000
19696,521,3,22,136,2502P000248,165000,44144
11073,515,3,26,155,2406P002331,188000,40920
13645,1118,3,24,147,2407P000249,385000,130000
20393,1568,5,50,223,2503P000177,1400010,56000
6552,76,3,21,132,2405P7549,936000,114000
19016,1305,4,32,165,2502V000032,377400,47155
10600,627,3,21,129,2406P001858,214000,34775
18544,1128,6,53,231,2412P000640,1120000,80000
21095,1368,3,24,149,2504P000098,556000,160000
4639,510,5,38,181,2405P5636,1629000,103600
15438,1210,3,23,141,2410P000014,1099000,360700
11222,194,3,24,149,2406P002480,440000,178393
24234,1491,4,34,175,2509P000508,316000,69000
15525,867,1,11,92,2410P000097,1227000,244000
14323,419,5,38,214,2408P000178,570000,115603
4557,618,1,14,105,2405P5554,545000,86800
632,477,1,12,99,2405P1629,597000,105000
20136,461,4,31,161,2503P000096,1140000,61000
13717,776,5,38,181,2407P000320,1386000,211500
18146,1307,3,24,147,2412P000326,1990000,383000
21337,172,6,53,235,2504P000279,1689000,100740
5052,461,4,31,161,2405P6049,756000,123000
10287,407,1,11,90,2406P001545,129000,50000
1726,407,1,11,90,2405P2723,295000,50000
1239,601,3,25,151,2405P2236,110000,16730
1676,644,1,14,104,2405P2673,330000,141000
15919,808,1,12,95,2410P000491,2904000,500000
498,786,1,11,90,2405P1495,252000,102000
4306,649,3,25,151,2405P5303,549000,175680
13765,109,3,24,147,2407P000368,927000,252249
14147,2,4,35,178,2408P000002,400000,72000
18725,1327,4,35,178,2501P000009,300000,51813
15486,287,3,24,147,2410P000059,1419000,425700
4300,649,3,25,151,2405P5297,289000,84704
22959,1046,6,53,230,2508P000118,867000,60000
1101,248,5,38,181,2405P2098,1190000,166000
24183,172,6,52,224,2509V000430,9090000,200000
14551,353,4,35,177,2408P000352,240000,15000
1069,616,3,22,137,2405P2066,398000,165782
22053,641,5,38,181,2507P000094,599000,137170
9872,690,1,11,93,2406P001130,990000,100000
242,492,1,14,105,2405P1239,360000,143600
20128,295,7,64,261,2503P000088,1450000,149000
2223,43,3,22,135,2405P3220,438000,62000
19928,42,3,24,146,2502P000345,370000,60200
15452,1210,3,23,141,2410P000028,209000,54024
918,784,1,11,93,2405P1915,1695000,135000
20806,883,3,27,160,2503P000447,690000,66500
1744,954,3,25,151,2405P2741,638000,95875
16747,1275,3,24,149,2411P000136,220000,44000
8725,450,4,34,175,2405P000026,590000,84300
18889,1331,1,18,125,2501P000151,920000,46000
23030,164,2,58,249,2508V000462,2200000,110000
13564,1117,3,24,146,2407V000308,733000,117610
15364,867,1,11,93,2409P000582,660000,110000
20305,1346,7,63,254,2503P000155,1565000,125200
17091,1307,3,24,145,2411P000444,300000,51000
9306,735,1,12,95,2406P000564,11000000,816974
25479,1253,5,38,218,2510P000719,356000,64000
13646,1118,3,24,147,2407P000250,90000,18000
22120,1404,3,24,149,2507P000161,5265000,50000
10610,1041,3,21,129,2406P001868,226000,29760
12151,817,3,21,133,2406P003409,295000,51000
10979,817,3,21,133,2406P002237,400000,114400
21,776,5,38,181,2404P1021,1771000,176000
14827,1193,5,38,214,2409P000072,264000,63218
4581,470,3,21,129,2405P5578,298000,55000
7726,712,3,24,147,2405V5144,438000,43800
1166,248,5,49,221,2405P2163,235620,46591
6144,611,4,31,162,2405P7141,5915000,16286000
1659,644,1,14,104,2405P2656,329000,160104
9246,598,3,21,130,2406P000504,333000,36320
7710,320,6,52,224,2405V5013,24090000,722700
16742,1275,3,24,149,2411P000131,220000,31900
2105,76,3,21,132,2405P3102,411000,41100
13775,109,3,24,147,2407P000378,750420,107646
11243,221,3,29,341,2406P002501,,0
1397,395,4,34,176,2405P2394,2742000,16102000
65,169,3,24,145,2405P1062,434000,231000
4786,684,1,14,108,2405P5783,400000,144833
10469,627,3,25,151,2406P001727,170000,49000
701,116,7,64,262,2405P1698,396150,78465
14356,440,4,34,176,2408P000211,858000,353950
21365,1174,6,53,231,2504P000307,838000,39900
20007,521,7,63,258,2503P000023,385000,60000
1059,616,3,22,137,2405P2056,168000,30000
22595,1273,5,49,221,2507P000581,240000,30000
14327,42,3,29,341,2408P000182,,0
1001,785,4,31,161,2405P1998,480000,122640
6616,414,1,12,95,2405P7613,1356000,406800
21857,1399,1,14,105,2506P000323,332000,33200
19039,475,3,27,160,2502P000081,1190000,299303
1760,51,1,14,105,2405P2757,596000,59600
21720,1332,7,63,254,2506V000038,239000,50000
16401,475,3,21,133,2410P000940,1089000,273254
1452,730,3,25,151,2405P2449,658000,94114
10451,1040,3,21,133,2406P001709,305000,102400
21488,164,2,76,308,2507V000147,1100000,301000
1557,622,1,12,95,2405P2554,3140000,280400
13496,340,1,19,127,2407P000106,,0
9503,45,1,12,99,2406P000761,1335000,105240
2922,783,4,31,161,2405P3919,980000,79000
15517,1221,3,21,130,2410V000011,172000,60000
13570,1117,1,14,105,2407V000313,484000,94531
503,923,3,21,133,2405P1500,234630,23633
13653,714,3,24,148,2407P000256,770000,96000
10482,1064,4,33,172,2406P001740,339000,22600
5759,454,5,43,195,2405P6756,327000,52657
495,587,1,14,107,2405P1492,1074000,322200
18807,1273,7,64,264,2501P000069,1160000,66000
1846,861,5,38,181,2405P2843,1512000,155352
10536,906,4,31,162,2406P001794,435000,502000
10692,312,3,21,129,2406P001950,612000,110500
14337,1141,3,24,149,2408P000192,498000,131000
960,803,4,34,174,2405P1957,96000,29000
28253,1577,3,29,341,2511P002590,,0
1487,923,3,21,133,2405P2484,516000,117000
10521,216,5,38,181,2406P001779,1100000,86230
20717,883,5,41,184,2503P000358,439000,84000
12290,823,4,35,179,2406P003548,203000,105000
69,169,3,24,145,2405P1066,279000,60756
1498,419,5,38,214,2405P2495,232000,41794
8713,493,4,32,164,2405P000014,605000,126000
1079,616,3,22,137,2405P2076,476000,79000
5863,611,4,31,162,2405P6860,11970000,450000
17607,1265,3,21,129,2412P000066,447000,56750
14891,1068,3,21,133,2409P000125,417000,51060
12189,1043,3,25,151,2406P003447,752000,56541
6638,954,3,25,151,2405P7635,378000,53000
16061,1163,3,24,147,2410P000630,786000,182759
8933,867,1,11,92,2406P000191,915000,135280
8960,867,1,11,93,2406P000218,630000,119700
10764,1042,3,21,129,2406P002022,278000,47100
15520,1214,1,12,97,2410P000092,220000,16750
12181,1043,3,25,151,2406P003439,441000,107000
1141,866,3,24,147,2405P2138,399000,102600
20894,42,3,29,341,2504P000001,,0
1099,694,3,24,148,2405P2096,1095000,165200
961,901,3,24,148,2405P1958,1116000,115224
2225,581,3,22,135,2405P3222,398000,54925
6887,449,3,26,157,2405V1596,250000,130000
12536,496,5,38,216,2406P003794,405000,87840
14149,216,5,38,217,2408P000004,348000,102750
9343,261,3,21,129,2406P000601,218000,53495
25182,1380,5,38,214,2510P000442,387000,0
3227,433,3,24,146,2405P4224,218000,26980
9639,866,3,24,147,2406P000897,1260000,199600
13582,1051,3,24,146,2407P000188,418000,74750
5421,167,4,32,167,2405P6418,630000,73000
21469,1375,1,12,99,2505P000065,990000,76500
2955,340,1,12,99,2405P3952,818000,405000
15442,1210,3,23,141,2410P000018,949000,94900
14829,861,5,38,181,2409V000012,455000,103985
23233,1462,3,24,148,2508P000284,1380000,200000
17033,1211,3,24,148,2411P000409,4375000,350000
1483,806,3,25,151,2405P2480,184000,50000
16709,193,4,34,176,2411P000102,530000,85500
19686,1346,3,27,160,2502P000239,2640000,226601
21458,652,7,63,258,2505P000055,999000,79920
14762,1185,4,34,174,2409P000011,1440000,261000
14439,1161,3,24,148,2408P000247,454000,212540
1061,616,3,22,137,2405P2058,238000,48041
14860,514,7,64,264,2409V000018,3379500,320206
4275,649,3,21,129,2405P5272,776000,248320
14109,1131,4,32,164,2407P000705,822000,114271
24142,320,6,52,224,2509V000388,179960000,360000
24146,320,6,52,224,2509V000420,26999000,23000
18005,1309,5,38,218,2412P000198,345000,72000
14021,627,3,25,151,2407P000624,612000,56935
780,475,3,21,133,2405P1777,1618000,144224
6536,486,4,31,161,2405P7533,1452000,4315873
1554,785,4,31,161,2405P2551,1047000,300000
28252,901,3,29,341,2511P002589,,0
1639,252,4,33,170,2405P2636,516000,2239944
6061,593,4,34,174,2405P7058,356400,161000
1062,866,3,24,145,2405P2059,1200000,297000
6663,731,3,24,147,2405P7660,269000,80000
14783,652,7,63,258,2409P000031,740000,221700
4015,454,5,43,195,2405P5012,515000,131551
6588,486,4,31,161,2405P7585,484000,95272
11323,861,5,38,181,2406P002581,2020000,133940
7785,596,3,24,147,2405V5421,335000,60000
10142,598,3,24,146,2406P001400,264000,85800
3407,694,3,21,130,2405P4404,537000,36520
21577,992,6,52,224,2506P000059,3550000,197400
2852,883,5,41,184,2405P3849,80000,9837
14441,1160,3,24,146,2408P000249,2072000,1225200
5438,810,4,36,180,2405P6435,1025000,123000
2837,883,5,38,219,2405P3834,460000,21000
15495,1222,3,24,147,2410P000068,398000,43250
1247,690,1,11,93,2405P2244,1008000,168000
20188,164,2,58,249,2503V000745,510000,60000
643,713,1,11,93,2405P1640,1620000,269000
14831,1193,5,38,181,2409V000014,474000,155925
18989,514,5,41,184,2502V000027,260000,36000
21754,42,3,29,341,2506P000222,,0
13493,690,1,11,92,2407P000103,597000,150950
917,261,3,24,147,2405P1914,758000,110000
924,169,3,24,147,2405P1921,499000,140077
14833,407,1,11,90,2409P000075,700000,50000
2001,194,3,24,149,2405P2998,480000,123001
11037,1043,3,25,151,2406P002295,580000,160500
11505,42,3,24,147,2406P002763,538000,148081
16771,1273,7,63,258,2411P000160,800000,236874
1481,419,5,38,214,2405P2478,345000,59340
15450,1210,3,23,141,2410P000026,338000,101110
4888,510,5,38,214,2405P5885,765000,34600
18477,114,7,63,254,2412P000573,2880000,346106
14437,1161,3,24,146,2408P000245,412000,146450
16931,1162,4,32,166,2411P000320,172800,18200
14442,1160,3,24,148,2408P000250,1945000,151850
19700,521,5,49,221,2502P000252,140000,31000
878,755,3,24,146,2405P1875,545000,50000
4630,429,3,25,152,2405P5627,260000,78000
1666,496,5,38,216,2405P2663,185000,29600
16752,1275,3,24,149,2411P000141,240000,54000
950,601,3,25,151,2405P1947,330000,47400
2513,686,1,12,95,2405P3510,3196000,199840
10362,730,3,25,151,2406P001620,241000,79000
4295,587,1,14,107,2405P5292,455000,70000
22806,34,4,35,178,2508P000007,,0
1137,866,3,24,147,2405P2134,546000,148240
10672,312,3,21,129,2406P001930,394000,82796
10577,627,3,21,129,2406P001835,129000,40016
4916,690,1,11,90,2405P5913,112000,40288
12209,7,3,21,130,2406P003467,150000,112000
11766,515,3,26,155,2406P003024,310000,77500
12890,340,1,12,99,2406P003978,633600,78000
16425,1253,5,38,181,2410P000962,396000,100000
12285,1043,3,25,151,2406P003543,552000,91000
5225,258,3,24,148,2405P6222,2695000,1214500
23577,1399,1,19,127,2508P000450,,0
1586,223,4,31,161,2405P2583,855000,105450
9301,598,3,26,157,2406P000559,130000,24528
12944,1081,3,26,158,2406V001204,59000,11800
16744,1275,3,24,149,2411P000133,160000,26000
19625,713,1,11,92,2502P000186,550000,64800
16066,886,4,34,176,2410P000635,660000,181000
1566,76,3,21,132,2405P2563,500000,92920
1955,34,4,35,179,2405P2952,228000,18240
4575,470,3,21,129,2405P5572,720000,75000
4550,713,1,11,92,2405P5547,2144000,293075
15449,1210,3,23,142,2410P000025,298000,58400
9320,261,3,21,129,2406P000578,418000,151400
17053,1284,4,32,164,2411P000429,417000,24000
4734,116,7,64,261,2405P5731,3380000,475900
9,42,3,24,147,2404P1009,326000,56000
1027,218,4,35,177,2405P2024,3058000,500000
3493,867,1,11,93,2405P4490,1245000,310442
18598,220,7,64,261,2412P000694,1598000,284700
16741,1275,3,24,149,2411P000130,270000,52000
9255,1026,4,32,164,2406P000513,229900,99000
13262,494,4,34,175,2406P004159,220000,64000
16746,1275,3,24,149,2411P000135,180000,52000
20029,710,7,64,261,2503P000045,660000,44000
14473,1162,4,32,166,2408P000281,515600,25780
9442,1051,3,24,147,2406P000700,339000,110175
2382,515,3,26,155,2405P3379,205000,30927
1159,641,5,38,214,2405P2156,356000,82000
20133,633,4,31,161,2503P000093,395000,73762
2408,402,1,11,90,2405P3405,800000,80000
18776,644,1,14,104,2501P000054,720000,183744
16422,1253,5,38,218,2410P000958,360000,40000
4536,618,1,14,105,2405P5533,418000,139497
13568,1117,1,14,105,2407V000311,900000,142500
2026,76,3,21,132,2405P3023,195000,85526
2,248,5,38,181,2404P1002,1180000,216000
2411,861,5,38,181,2405P3408,905000,201000
28273,1583,4,32,164,2511P002610,338000,43000
14119,419,5,38,214,2407P000715,145000,38840
28341,530,4,36,180,2511P002658,1200000,50000
1764,223,4,31,161,2405P2761,960000,144000
5427,810,4,36,180,2405P6424,7200000,171089
17466,42,3,29,341,2411P000595,,0
5,601,3,25,151,2404P1005,330000,39000
12272,643,3,24,149,2406P003530,920000,159600
14325,549,4,32,164,2408P000180,175000,41875
21098,1368,3,24,149,2504P000101,279000,110000
47,514,1,19,127,2404P1045,,0
21960,109,3,29,341,2507P000001,,0
24283,1534,4,37,339,2509V000458,410000,13621
21289,486,4,31,161,2504P000231,,56050000
238,690,1,11,92,2405P1235,1100000,118960
19917,338,3,26,155,2502V003205,530000,62600
972,901,3,24,148,2405P1969,386000,57640
1748,587,1,14,105,2405P2745,207900,64209
14766,810,4,32,164,2409P000015,120000,12912
14544,353,4,35,177,2408P000345,630000,180000
1189,694,3,24,146,2405P2186,576000,95225
18507,1224,6,53,230,2412P000603,898000,110000
14166,43,3,22,135,2408P000021,758000,75000
1160,530,4,35,177,2405P2157,2530000,266800
20726,883,5,41,184,2503P000367,574000,57400
9685,500,3,24,146,2406P000943,325000,117600
14351,940,4,33,170,2408P000206,429800,150000
646,477,1,12,99,2405P1643,438000,100000
13586,241,3,22,136,2407P000192,179000,50000
708,477,1,12,99,2405P1705,468000,284700
9789,500,3,24,147,2406P001047,538000,161400
21502,514,3,21,133,2505P000087,1144000,72072
21472,320,6,53,229,2505V000036,17980000,3990000
21309,1332,7,63,254,2504P000251,658000,60000
15477,1214,1,12,95,2410P000051,1800000,169000
2748,940,4,33,170,2405P3745,714000,1892271
533,755,3,24,145,2405P1530,336000,48496
2099,76,3,21,132,2405P3096,516000,55000
3243,169,3,29,341,2405P4240,,0
10904,817,3,21,133,2406P002162,188000,11750
2472,143,1,12,95,2405P3469,3500000,252600
9776,500,3,24,147,2406P001034,578000,123600
2869,408,1,13,103,2405P3866,735000,164000
45,486,4,31,161,2404P1043,1056000,228700
13722,713,1,11,93,2407P000325,1080000,181200
10708,312,3,21,129,2406P001966,665000,216125
5955,116,7,64,261,2405P6952,549000,200866
833,42,3,24,147,2405P1830,498000,74000
1474,779,3,25,151,2405P2471,406000,57000
397,868,1,12,97,2405P1394,126000,46000
1501,265,4,35,178,2405P2498,126500,26180
9887,690,1,11,93,2406P001145,564000,39000
492,587,1,14,107,2405P1489,1665000,103000
5978,489,4,31,162,2405P6975,5070000,7790000
77,739,7,64,264,2405P1074,867000,80230
8964,408,1,18,125,2406P000222,395000,111000
14355,740,1,12,95,2408P000210,1020000,132210
14459,470,3,29,341,2408P000267,150000,41000
14828,419,5,38,214,2409P000073,117000,28000
13405,799,4,34,175,2407P000074,210000,63000
19536,649,3,25,151,2502P000099,409000,125912
660,713,1,11,92,2405P1657,1350000,192400
14434,1158,3,26,155,2408V000427,898000,560000
1064,616,3,22,137,2405P2061,444000,81524
10347,433,3,24,146,2406P001605,198000,22957
13725,356,4,33,170,2407P000328,980000,157200
1602,223,4,31,161,2405P2599,900000,150000
19688,1346,3,27,160,2502P000241,3897000,209000
9640,258,3,24,148,2406P000898,2860000,419805
1200,34,4,33,170,2405P2197,320000,40000
2033,194,3,24,149,2405P3030,640000,100000
14557,353,4,35,177,2408P000358,400000,50000
24021,153,6,53,230,2509V000345,340000,17000
13786,866,3,24,145,2407P000389,1389000,359350
13400,810,4,32,164,2407P000069,140000,12931
1290,730,3,25,151,2405P2287,354000,58850
21393,714,3,24,148,2505P000001,409000,140000
21711,593,4,39,183,2506P000180,,0
12945,1081,3,26,158,2406V001206,138000,18861
11484,496,5,38,216,2406P002742,405000,107167
4103,906,4,31,162,2405P5100,1398000,361731
5668,459,4,34,174,2405P6665,98000,34489
19915,861,5,38,181,2502P000341,86000,20450
14754,510,5,38,216,2409P000003,66000,15974
473,427,3,24,145,2405P1470,720000,216000
12895,461,4,31,162,2406P003983,591000,55000
1298,216,5,38,181,2405P2295,1320000,120000
5736,459,4,34,174,2405P6733,147000,102000
5469,549,4,36,180,2405P6466,825000,247500
1750,312,3,21,129,2405P2747,150000,45000
2697,769,3,22,135,2405P3694,746000,242450
22063,714,3,24,148,2507P000104,1233000,351000
1231,690,1,11,90,2405P2228,232000,300000
3281,853,3,24,145,2405P4278,370000,56100
13401,286,4,34,175,2407P000070,180000,16200
13530,1116,4,33,170,2407P000140,610000,87000
1409,42,3,24,146,2405P2406,326000,60000
22732,188,1,14,105,2507P000715,708000,35400
14547,353,4,35,177,2408P000348,1045000,221400
6615,735,1,12,95,2405P7612,5058000,782970
10554,995,5,38,216,2406P001812,318000,37643
1208,2,4,35,179,2405P2205,465432,181201
2524,686,1,12,95,2405P3521,1035000,138000
11485,216,5,38,181,2406P002743,1045000,150000
18750,514,7,64,264,2501P000030,942000,50000
16740,1275,3,24,149,2411P000129,340000,53620
1963,193,4,34,176,2405P2960,710000,3840000
1543,622,1,12,95,2405P2540,3060000,200000
991,901,3,24,148,2405P1988,236000,34751
10659,1041,3,21,129,2406P001917,294000,37906
10723,312,3,21,129,2406P001981,544000,176800
19001,514,7,54,266,2502P000051,2518000,292000
2097,866,3,24,147,2405P3094,415000,61323
14336,1141,3,24,149,2408P000191,747000,126000
5252,595,3,22,139,2405P6249,275000,52650
21581,992,6,52,224,2506P000063,4540000,136740
17544,1081,3,26,157,2412V000037,170000,8500
2168,43,3,22,135,2405P3165,2316000,314925
56,58,4,32,164,2404P1053,210000,7560
1516,190,4,34,175,2405P2513,430000,116000
802,587,1,14,105,2405P1799,472000,109500
976,803,4,34,174,2405P1973,129000,18800
621,713,1,11,93,2405P1618,1632000,269000
13736,706,4,34,175,2407P000339,156000,56000
1344,496,5,38,216,2405P2341,245000,50000
1653,786,1,11,90,2405P2650,245000,67800
5702,459,4,34,174,2405P6699,82000,12500
15518,1214,1,12,97,2410P000090,275000,25400
13764,643,3,24,149,2407P000367,2390000,210000
14443,1160,3,24,148,2408P000251,518000,294810
12156,817,3,21,133,2406P003414,138000,27600
1690,312,3,21,129,2405P2687,117600,41507
10384,730,3,25,151,2406P001642,384000,51920
1011,265,4,35,179,2405P2008,294800,177600
13650,419,5,38,216,2407V000320,576000,60000
13746,641,5,50,223,2407P000349,,0
13701,1081,3,26,158,2407P000304,75900,18975
1038,893,3,24,146,2405P2035,289000,80607
21996,1132,3,21,133,2507P000037,558000,58800
14146,419,5,38,216,2408P000001,438000,65120
1033,866,3,24,147,2405P2030,1197000,96872
1505,933,3,21,129,2405P2502,1113000,196000
14753,510,5,38,216,2409P000002,66000,6864
2013,76,3,21,132,2405P3010,342000,111150
487,587,1,14,107,2405P1484,585000,161388
12200,42,3,24,147,2406P003458,2015000,104000
14554,353,4,35,177,2408P000355,375000,60500
14426,1158,3,26,157,2408P000240,289000,89280
15531,1177,6,53,231,2410P000103,800000,64036
1486,730,3,25,151,2405P2483,466000,93020
24368,1504,3,24,147,2509P000626,339000,60000
14889,320,6,52,224,2409V000081,87980000,1390000
22,143,1,12,95,2404P1022,3150000,175600
21238,1371,4,37,339,2504P000209,198000,61000
13747,713,1,11,92,2407P000350,1060000,80000
12230,194,3,24,149,2406P003488,690000,96000
14887,320,6,52,224,2409V000073,21678300000,7500000
6642,34,4,35,177,2405P7639,7035000,95500
2017,593,4,34,174,2405P3014,1368000,80000
19705,710,3,22,136,2502P000257,1210000,375000
21364,652,7,63,258,2504P000306,599000,60000
1000,218,4,35,177,2405P1997,2900000,224900
8932,867,1,11,93,2406P000190,630000,163000
14898,867,1,11,93,2409P000132,638000,185000
1679,786,1,11,90,2405P2676,245000,66000
2229,581,3,22,135,2405P3226,300000,84211
504,587,1,14,107,2405P1501,1080000,265600
1709,733,4,34,175,2405P2706,600000,84000
5210,477,1,12,99,2405P6207,702000,117450
10653,1041,3,21,129,2406P001911,297000,24000
1877,861,5,38,181,2405P2875,1267000,326700
4824,470,3,21,129,2405P5821,477000,48000
1010,893,3,24,145,2405P2007,798000,199500
8919,867,1,11,92,2406P000177,561000,89760
2389,451,1,18,125,2405P3386,990000,134400
6678,587,1,14,107,2405P7675,1900000,78340
14696,810,4,32,164,2408P000493,330000,25000
19694,1273,5,41,186,2502P000246,170000,42500
23031,164,2,58,249,2508V000466,1500000,60000
22912,194,3,24,149,2508P000072,690000,82000
24233,6,4,32,164,2509P000507,298000,67250
9402,486,4,34,175,2406P000660,340000,108279
10105,598,3,21,130,2406P001363,248000,31000
21106,218,4,35,177,2504P000109,,95360000
5106,461,4,31,161,2405P6103,544000,120001
21235,1371,4,37,339,2504P000207,198000,24092
14871,454,5,38,215,2409P000108,468000,46800
20104,867,1,11,93,2503P000080,978000,80000
13352,191,1,12,95,2407P000033,5160000,405400
4998,429,3,25,151,2405P5995,538000,123887
1435,730,3,25,151,2405P2432,474000,93020
1130,882,3,24,148,2405P2127,479000,140480
4556,343,3,25,151,2405P5553,338000,59600
14341,233,3,29,341,2408P000196,50000,41630
15498,1222,3,24,147,2410P000071,940000,162175
17019,652,7,63,258,2411P000401,520000,147700
1494,886,4,34,176,2405P2491,28413000,5388453
19739,1349,4,32,166,2502P000286,448000,53653
6598,806,3,25,151,2405P7595,288000,36230
990,34,4,35,177,2405P1987,1144000,266800
18741,302,3,24,149,2501P000023,718000,252540
21568,992,6,52,224,2506P000050,3560000,200000
2606,169,3,25,151,2405P3603,502000,72486
10231,461,4,31,161,2406P001489,190000,70000
857,261,3,24,147,2405P1854,309000,81000
2525,686,1,12,95,2405P3522,2884000,185440
1188,2,4,35,178,2405P2185,492000,137800
8998,765,5,41,184,2406P000256,2028000,42250
22119,1404,3,24,149,2507P000160,238000,135000
1595,223,4,31,161,2405P2592,1140000,171000
17575,1296,7,63,256,2412P000049,3500000,383000
14552,353,4,35,177,2408P000353,250000,50000
16062,1163,3,24,146,2410P000631,299000,102476
18004,1309,5,38,218,2412P000197,300000,28750
1460,730,3,25,151,2405P2457,442000,44200
1620,786,1,11,90,2405P2617,264000,40200
3394,241,3,22,136,2405P4391,499000,111496
1312,627,3,21,129,2405P2309,339000,105090
4450,428,3,24,147,2405P5447,555000,189680
10348,342,7,63,259,2406P001606,579000,164700
1003,34,4,35,177,2405P2000,1195000,226800
20695,395,4,34,176,2503P000336,1350000,3404000
14560,353,4,35,177,2408P000361,460000,51000
9837,510,5,38,181,2406P001095,648000,111000
12251,194,3,24,149,2406P003509,840000,176750
3320,221,3,25,151,2405P4317,598000,138882
13771,312,3,21,129,2407P000374,420000,79000
24285,6,4,37,339,2509V000462,1100000,320000
13378,1104,4,32,164,2407P000049,1076000,84000
12914,872,7,64,261,2406P004002,1699000,566150
329,812,4,34,176,2405P1326,3115000,50000
674,45,1,12,95,2405P1671,6745000,570000
1890,103,4,34,176,2405P2887,804000,7700000
2214,581,3,22,135,2405P3211,510000,195750
10537,496,5,38,216,2406P001795,267000,68000
5256,343,3,29,341,2405P6253,809000,45130
1611,786,1,11,90,2405P2608,225000,39200
6653,641,5,38,214,2405P7650,396000,81184
18002,1309,5,38,218,2412P000195,810000,40000
4545,618,1,14,105,2405P5542,534000,171120
1019,882,3,24,147,2405P2016,1958000,292175
21516,1211,3,24,148,2505P000101,1125000,324000
14430,1158,3,26,157,2408V000418,450000,90675
18918,1333,1,12,95,2501P000173,1620000,175232
15453,1210,3,23,141,2410P000029,209000,50000
1060,34,4,33,170,2405P2057,400000,300000
1683,954,3,25,151,2405P2680,319000,129386
12162,216,5,38,181,2406P003420,860000,144943
1355,191,1,12,98,2405P2352,2997000,299700
19693,1273,5,41,186,2502P000245,240000,48462
4155,731,3,21,130,2405P5152,346500,49500
9420,1051,3,24,147,2406P000678,778000,184218
16419,1253,5,38,218,2410P000956,490000,60172
1083,694,3,24,146,2405P2080,610000,90675
18658,461,1,12,95,2412P000754,958000,90000
21573,1181,6,53,235,2506P000055,598000,60000
1450,42,3,25,151,2405P2447,489000,38160
13492,690,1,11,92,2407P000102,1095000,164420
18977,1064,4,33,172,2502P000031,285000,37624
16678,1163,3,24,148,2411P000088,,0
24341,1253,5,38,181,2509V000502,690003,99997
2608,169,3,25,151,2405P3605,254000,72486
13710,690,1,11,90,2407P000313,300000,19800
2968,340,1,12,99,2405P3965,700000,59360
16424,1253,5,38,218,2410P000961,395000,31600
18535,320,6,53,232,2412P000631,1194000,95520
15541,1174,6,53,231,2410P000113,1600000,200000
1133,866,3,24,147,2405P2130,1250000,347240
1710,616,3,22,137,2405P2707,500000,77500
6877,515,3,26,155,2405V1566,221000,58600
15446,1210,3,23,141,2410P000022,1949000,400000
2247,581,3,22,135,2405P3244,270000,35000
16219,1164,4,34,176,2410P000774,344000,34400
2779,601,3,25,151,2405P3776,550000,79500
9422,766,4,34,175,2406P000680,54000,15000
13636,1118,3,24,146,2407V000314,165000,52500
4645,510,5,38,214,2405P5642,180000,56000
18150,1211,3,26,157,2412P000330,1300000,161656
14428,1158,3,26,155,2408P000242,598000,145827
2209,419,5,38,214,2405P3206,796500,88664
14150,861,5,38,181,2408P000005,1265000,200000
18366,481,1,11,93,2412P000462,930000,186000
14025,475,3,27,160,2407P000629,869000,135102
16713,1274,6,59,250,2411P000106,445000,22200
19679,1346,7,64,261,2502P000232,2112000,337920
8645,29,3,21,133,2405V10253,820000,241600
16536,341,4,33,170,2411P000011,232000,60000
14550,353,4,35,177,2408P000351,600000,361668
19539,649,3,21,130,2502P000102,870000,75000
16420,1253,5,38,181,2410P000957,276000,37315
1172,883,5,38,215,2405P2169,580000,171578
21408,218,4,35,177,2505P000014,,7642183
9229,1052,5,42,191,2406P000487,366000,111195
12197,1043,3,25,151,2406P003455,387000,50800
949,450,4,34,175,2405P1946,4830000,213000
18716,302,3,27,160,2501V000005,649000,307628
13769,643,3,24,149,2407P000372,4160000,178680
19624,713,1,11,92,2502P000185,540000,64800
24143,320,6,52,224,2509V000401,105270000,0
15439,1210,3,23,142,2410P000015,1698000,209800
696,713,1,11,93,2405P1693,1325000,110000
1136,2,4,35,179,2405P2133,536000,336000
14543,353,4,35,177,2408P000344,110000,46000
14548,353,4,35,177,2408P000349,511000,255500
28003,1577,3,26,157,2511V000032,306000,63250
1068,866,3,24,147,2405P2065,1065000,84000
21397,320,6,52,226,2505V000001,9290000,0
23983,580,3,24,149,2509V000321,190000,22250
25669,1571,5,42,191,2511P000023,640000,32000
2235,581,3,22,135,2405P3232,430000,56093
1171,248,5,49,221,2405P2168,119000,23750
2227,581,3,22,135,2405P3224,478000,138000
8408,783,4,34,175,2405V8866,430000,75700
1493,875,3,21,129,2405P2490,398000,165360
28276,1584,4,32,164,2511P002611,948000,81599
964,114,7,63,254,2405P1961,2058000,216114
1567,116,7,64,261,2405P2564,1198000,71920
830,866,3,24,148,2405P1827,938000,142290
9855,575,3,21,129,2406P001113,218000,46108
21066,739,7,63,254,2504P000069,370000,60000
2627,169,3,25,152,2405P3624,278000,81992
13652,714,3,24,148,2407P000255,518000,100000
968,901,3,24,148,2405P1965,195000,88389
16920,906,4,31,162,2411P000309,945000,191700
10525,363,4,31,161,2406P001783,330000,50000
1823,644,1,14,105,2405P2820,130000,34200
5393,362,1,18,125,2405P6390,140000,17640
10276,407,1,11,90,2406P001534,99000,39384
2758,601,3,25,151,2405P3755,1375000,250000
1854,193,4,34,176,2405P2851,724000,210600
24610,1091,5,41,184,2509P000824,798000,91000
10414,213,7,64,261,2406P001672,1859220,469500
17534,459,4,39,183,2412P000034,,0
3262,415,3,25,152,2405P4259,338000,70381
24022,153,6,53,230,2509V000337,490000,0
14022,407,1,11,90,2407P000625,260000,99000
1738,286,4,34,175,2405P2735,360000,106000
13637,1118,3,24,146,2407V000315,150000,36756
24370,1504,3,24,148,2509P000628,349000,73920
24025,872,5,44,198,2509P000325,396000,37500
12146,817,3,21,133,2406P003404,240000,51851
1907,906,4,31,162,2405P2904,498000,74000
12248,496,5,38,216,2406P003506,405000,107167
15512,1221,3,24,148,2410P000085,419000,80000
5030,461,4,31,162,2405P6027,2636000,236600
10118,598,3,24,146,2406P001376,170000,48560
20027,521,3,22,136,2503P000043,330000,60000
1081,893,3,24,147,2405P2078,750000,80000
14567,1160,3,24,148,2408P000368,,0
5099,461,4,31,161,2405P6096,960000,76800
21324,320,6,53,232,2504P000266,481000,64000
14127,295,7,64,261,2407P000723,980000,204720
18812,1273,5,41,188,2501P000074,1198000,310000
2118,567,7,63,256,2405P3115,2247750000,59940000
13757,419,5,38,216,2407P000360,261000,31200
2088,76,3,21,132,2405P3085,220000,26294
5059,461,4,31,161,2405P6056,398000,95520
15451,1210,3,23,142,2410P000027,849000,200000
14850,363,4,31,161,2409P000092,417000,58020
22080,866,3,24,148,2507P000121,922000,60000
21192,514,3,21,133,2504V000684,445000,79800
19535,649,3,25,151,2502P000098,818000,163600
4530,213,7,64,261,2405P5527,1799000,537000
14444,1161,3,24,147,2408P000252,746300,239856
1571,474,1,11,93,2405P2568,1215000,158000
15796,816,6,53,232,2410P000368,446000,84600
18367,481,1,11,93,2412P000463,640000,65000
4642,340,1,12,99,2405P5639,310000,50000
4542,138,1,14,368,2405P5539,152000,51200
14823,856,3,24,147,2409P000068,294000,72840
15766,1224,6,53,230,2410P000338,449000,60000
21240,1371,4,37,339,2504P000211,166600,18689
12478,481,1,11,93,2406P003736,1116000,63950
13640,1026,4,33,170,2407P000244,219800,32970
13559,1117,3,24,146,2407V000304,499000,62200
10479,143,1,12,95,2406P001737,2425000,195000
16749,1275,3,24,149,2411P000138,450000,97826
21772,1394,1,12,99,2506P000240,1200000,72000
4862,510,5,38,181,2405P5859,282348,42929
1054,616,3,22,137,2405P2051,183000,44000
5660,342,7,64,264,2405P6657,599000,64000
8845,694,3,24,146,2406P000103,198000,30750
15502,1221,3,24,149,2410P000075,578000,120000
19848,701,6,57,243,2502V003022,10998000,200000
8736,810,4,32,165,2405P000037,72000,7200
22839,1274,6,59,250,2508V000041,476000,23800
19789,701,6,53,230,2502V002912,1095000,55000
1905,193,4,34,176,2405P2902,8190000,80000
14334,673,3,22,135,2408P000189,538000,120000
767,475,3,21,133,2405P1764,1598000,179745
20641,1298,3,24,148,2503P000288,1358000,120000
13780,906,4,39,183,2407P000383,,0
9485,1051,3,24,147,2406P000743,289000,61800
18915,1333,1,12,95,2501P000170,2356000,168000
13742,341,4,33,170,2407P000345,460000,81400
1509,622,1,12,95,2405P2506,3800000,300000
19697,1273,5,41,186,2502P000249,495000,67350
15809,1217,6,53,230,2410P000381,400000,32000
13625,549,4,32,164,2407P000231,46000,31800
16319,1211,3,26,155,2410P000858,1150000,373750
999,901,3,24,148,2405P1996,244000,26000
1246,750,3,25,151,2405P2243,240000,22590
20014,521,3,22,136,2503P000030,825000,66000
1871,906,4,31,162,2405P2868,2116000,220960
2577,735,3,22,135,2405P3574,1290000,655000
20893,514,5,41,184,2504V000003,559000,55000
13267,17,5,41,187,2406P004164,259000,160000
12916,872,7,64,261,2406P004004,2299000,600000
18007,1309,5,38,218,2412P000200,445000,44500
28852,1602,1,14,372,2512V000187,1060000,61000
17979,1304,1,14,104,2412P000172,477000,95400
10518,213,7,64,261,2406P001776,1799000,500000
12649,514,7,64,264,2406P003907,579000,70000
13770,109,3,24,147,2407P000373,475000,109825
63,169,3,24,145,2405P1060,478000,93500
21624,1381,3,24,149,2506P000098,462000,88000
12576,817,3,21,133,2406P003834,104000,15080
1207,477,1,18,125,2405P2204,597000,241200
24,731,3,24,146,2404P1024,838000,125700
14555,353,4,35,177,2408P000356,320000,19219
14432,1158,3,26,156,2408V000422,358000,59700
2022,76,3,21,132,2405P3019,274000,69180
15896,1232,3,22,135,2410P000468,1449000,424125
25339,153,6,52,224,2510V000731,9180000,50000
4358,213,7,64,264,2405P5355,906000,131960
6345,213,7,63,254,2405P7342,1349000,383000
12505,1043,3,25,151,2406P003763,387000,41275
20,261,3,24,147,2404P1020,499000,157552
13249,342,7,64,261,2406P004146,2598000,386900
2243,581,3,22,135,2405P3240,345000,67850
10125,598,3,21,131,2406P001383,305000,24400
29170,172,6,60,252,2512P000442,,0
3772,774,7,63,258,2405P4769,900000,250785
4347,647,3,23,143,2405P5344,1290000,844500
936,169,3,24,146,2405P1933,159000,34592
18710,283,3,22,135,2412P000802,2097000,1326056
21555,153,6,53,233,2506P000037,780000,65000
22926,1035,3,24,146,2508P000086,290000,179000
2883,77,4,34,175,2405P3880,204000,10016
14542,353,4,35,177,2408P000343,430000,50000
14854,514,7,64,264,2409P000096,259000,20000
25647,1495,3,29,341,2511P000001,,0
1779,587,1,14,105,2405P2776,276000,40560
122,739,7,63,254,2405P1119,4980000,449000
13763,867,1,11,93,2407P000366,1005000,75000
2153,42,3,24,147,2405P3150,193000,41840
12396,817,3,21,133,2406P003654,122000,18000
4979,149,3,21,132,2405P5976,272000,22500
20392,1568,5,42,191,2503P000176,3080022,100000
528,116,7,64,264,2405P1525,578000,141386
1334,80,3,22,138,2405P2331,375000,38000
3604,882,3,24,147,2405P4601,1019000,141040
4800,618,1,14,108,2405P5797,236000,24000
16723,627,3,21,129,2411P000114,137000,65000
10566,349,4,34,174,2406P001824,474000,62512
1788,51,1,14,107,2405P2785,350000,54600
14901,867,1,11,93,2409P000135,650000,150300
19717,515,3,26,155,2502V002906,348000,89800
10494,349,4,34,174,2406P001752,230000,69000
29169,172,6,60,252,2512P000441,,0
19918,338,3,26,156,2502V003206,139000,34750
18709,29,3,21,133,2412P000801,1025000,60000
14903,867,1,11,93,2409P000137,820000,138880
3277,433,3,24,145,2405P4274,595000,86711
18874,1331,1,14,107,2501P000136,350000,56000
21538,153,6,53,233,2506P000020,780000,65000
22908,808,1,12,95,2508P000068,1528000,30000
17,261,3,24,147,2404P1017,898000,207280
863,116,7,64,261,2405P1860,699000,149201
1649,706,4,34,175,2405P2646,422000,132000
1256,138,1,14,108,2405P2253,192000,46400
14566,1105,4,34,176,2408P000367,508800,58104
14008,440,4,34,176,2407P000611,654000,36000
15432,185,1,14,105,2410P000008,175000,33969
2542,686,1,12,95,2405P3539,1715000,110000
2119,475,3,27,160,2405P3116,2389000,250000
18517,172,6,52,224,2412P000613,5980000,299000
21820,1280,3,24,148,2506P000288,179000,44750
